FREQ,FREQ_LABEL,REF_AREA,REF_AREA_LABEL,INDICATOR,INDICATOR_LABEL,UNIT_MEASURE,UNIT_MEASURE_LABEL,DATABASE_ID,DATABASE_ID_LABEL,UNIT_MULT,UNIT_MULT_LABEL,OBS_STATUS,OBS_STATUS_LABEL,OBS_CONF,OBS_CONF_LABEL,1990,1991,1992,1993,1994,1995,1996,1997,1998,1999,2000,2001,2002,2003,2004,2005,2006,2007,2008,2009,2010,2011,2012,2013,2014,2015,2016,2017,2018,2019,2020,2021,2022,2023
A,Annual,ABW,Aruba,FAO_RP_5172,Pesticides Use per capita,KM_PS,Kilometers per person,FAO_RP,Pesticides Use,0,Units,A,Normal value,PU,Public,2.3,2.33,2.46,2.67,2.87,3.05,3.22,3.37,3.51,3.65,3.79,3.95,4.14,4.32,4.5,4.5,4.5,4.5,4.5,4.51,4.51,4.51,4.51,4.0,3.78,4.36,4.37,4.41,3.65,3.77,4.26,4.57,4.45,4.16
A,Annual,AGO,Angola,FAO_RP_5172,Pesticides Use per capita,KM_PS,Kilometers per person,FAO_RP,Pesticides Use,0,Units,A,Normal value,PU,Public,0.01,0.01,0.0,0.01,0.01,0.02,0.0,0.0,0.0,0.0,0.0,0.0,0.0,0.0,0.0,0.0,0.0,0.0,0.0,0.0,0.0,0.0,0.0,0.0,0.0,0.0,0.0,0.0,0.0,0.0,0.0,0.0,0.0,0.0
A,Annual,AIA,Anguilla,FAO_RP_5172,Pesticides Use per capita,KM_PS,Kilometers per person,FAO_RP,Pesticides Use,0,Units,A,Normal value,PU,Public,2.75,2.65,2.57,2.5,2.44,2.37,2.31,2.25,2.19,2.13,2.0,2.01,2.04,2.07,2.18,2.48,2.95,3.84,4.5,4.52,4.54,4.56,4.58,4.6,4.62,4.64,4.6,4.57,4.48,4.45,4.44,4.55,4.65,4.57
A,Annual,ALB,Albania,FAO_RP_5172,Pesticides Use per capita,KM_PS,Kilometers per person,FAO_RP,Pesticides Use,0,Units,A,Normal value,PU,Public,0.04,0.04,0.04,0.04,0.06,0.08,0.08,0.08,0.09,0.09,0.1,0.1,0.11,0.11,0.11,0.12,0.12,0.13,0.13,0.14,0.2,0.2,0.12,0.15,0.16,0.19,0.2,0.21,0.15,0.26,0.14,0.15,0.1,0.11
A,Annual,AND,Andorra,FAO_RP_5172,Pesticides Use per capita,KM_PS,Kilometers per person,FAO_RP,Pesticides Use,0,Units,A,Normal value,PU,Public,0.27,0.25,0.23,0.22,0.22,0.2,0.19,0.22,0.24,0.23,0.28,0.27,0.28,0.17,0.16,0.16,0.18,0.18,0.18,0.16,0.16,0.17,0.18,0.23,0.21,0.23,0.19,0.19,0.18,0.19,0.21,0.22,0.21,0.2
A,Annual,ANT,Netherlands Antilles,FAO_RP_5172,Pesticides Use per capita,KM_PS,Kilometers per person,FAO_RP,Pesticides Use,0,Units,A,Normal value,PU,Public,0.8,0.82,0.84,0.88,0.9,0.92,0.95,0.97,1.0,1.02,1.05,1.07,1.07,1.09,1.13,1.1,1.01,0.93,0.92,0.94,0.93,,,,,,,,,,,,,
A,Annual,ARG,Argentina,FAO_RP_5172,Pesticides Use per capita,KM_PS,Kilometers per person,FAO_RP,Pesticides Use,0,Units,A,Normal value,PU,Public,0.8,0.79,0.78,0.77,0.87,1.08,1.54,2.16,1.72,1.99,2.26,2.53,2.79,3.04,3.29,3.54,3.77,4.67,4.04,3.43,3.6,3.77,3.93,4.09,4.25,4.4,4.55,4.43,3.87,3.87,3.87,3.87,3.87,3.87
A,Annual,ARM,Armenia,FAO_RP_5172,Pesticides Use per capita,KM_PS,Kilometers per person,FAO_RP,Pesticides Use,0,Units,A,Normal value,PU,Public,,,0.0,0.0,0.01,0.01,0.01,0.01,0.02,0.02,0.02,0.03,0.03,0.03,0.07,0.07,0.08,0.08,0.07,0.07,0.1,0.11,0.12,0.14,0.15,0.17,0.18,0.2,0.21,0.18,0.22,0.32,0.31,0.34
A,Annual,ATG,Antigua and Barbuda,FAO_RP_5172,Pesticides Use per capita,KM_PS,Kilometers per person,FAO_RP,Pesticides Use,0,Units,A,Normal value,PU,Public,4.59,4.57,4.49,4.41,4.33,4.24,4.16,4.07,4.0,3.61,3.47,3.58,4.23,4.25,4.27,4.29,4.31,3.57,3.85,4.51,4.01,3.48,2.97,2.46,1.97,1.97,2.0,2.02,2.2,2.4,2.72,2.72,2.66,2.45
A,Annual,AUS,Australia,FAO_RP_5172,Pesticides Use per capita,KM_PS,Kilometers per person,FAO_RP,Pesticides Use,0,Units,A,Normal value,PU,Public,1.04,1.03,1.27,1.35,1.18,1.41,1.7,1.84,1.99,1.81,1.75,1.69,1.36,1.64,1.81,1.69,1.74,1.55,2.01,1.75,1.9,2.12,2.13,1.94,2.11,2.13,2.61,2.41,3.19,3.94,3.94,3.94,3.94,3.94
A,Annual,AUT,Austria,FAO_RP_5172,Pesticides Use per capita,KM_PS,Kilometers per person,FAO_RP,Pesticides Use,0,Units,A,Normal value,PU,Public,0.55,0.58,0.5,0.5,0.46,0.43,0.45,0.46,0.42,0.43,0.44,0.39,0.38,0.42,0.4,0.41,0.41,0.43,0.51,0.42,0.44,0.41,0.42,0.37,0.39,0.44,0.5,0.53,0.6,0.56,0.62,0.65,0.67,0.58
A,Annual,AZE,Azerbaijan,FAO_RP_5172,Pesticides Use per capita,KM_PS,Kilometers per person,FAO_RP,Pesticides Use,0,Units,A,Normal value,PU,Public,,,0.02,0.02,0.02,0.02,0.02,0.02,0.02,0.02,0.02,0.02,0.02,0.02,0.02,0.02,0.02,0.02,0.03,0.03,0.04,0.05,0.06,0.05,0.06,0.05,0.06,0.05,0.05,0.05,0.05,0.05,0.05,0.05
A,Annual,BDI,Burundi,FAO_RP_5172,Pesticides Use per capita,KM_PS,Kilometers per person,FAO_RP,Pesticides Use,0,Units,A,Normal value,PU,Public,0.02,0.02,0.02,0.02,0.01,0.02,0.03,0.02,0.02,0.02,0.02,0.01,0.01,0.04,0.07,0.04,0.02,0.05,0.05,0.02,0.03,0.01,0.01,0.09,0.01,0.01,0.0,0.0,0.0,0.0,0.0,0.0,0.0,0.0
A,Annual,BEL,Belgium,FAO_RP_5172,Pesticides Use per capita,KM_PS,Kilometers per person,FAO_RP,Pesticides Use,0,Units,A,Normal value,PU,Public,,,,,,,,,,,0.93,0.83,0.89,0.85,0.88,0.93,0.78,0.63,0.61,0.51,0.42,0.57,0.58,0.57,0.64,0.58,0.58,0.55,0.56,0.52,0.49,0.51,0.45,0.41
A,Annual,BEN,Benin,FAO_RP_5172,Pesticides Use per capita,KM_PS,Kilometers per person,FAO_RP,Pesticides Use,0,Units,A,Normal value,PU,Public,0.26,0.25,0.24,0.2,0.26,0.27,0.26,0.14,0.15,0.15,0.14,0.1,0.1,0.1,0.08,0.07,0.1,0.18,0.21,0.24,0.21,0.21,0.16,0.13,0.13,0.13,0.14,0.22,0.35,0.45,0.43,0.38,0.47,0.51
A,Annual,BFA,Burkina Faso,FAO_RP_5172,Pesticides Use per capita,KM_PS,Kilometers per person,FAO_RP,Pesticides Use,0,Units,A,Normal value,PU,Public,0.06,0.05,0.05,0.05,0.05,0.05,0.06,0.08,0.1,0.09,0.06,0.05,0.06,0.08,0.1,0.11,0.13,0.12,0.1,0.07,0.06,0.06,0.07,0.09,0.1,0.11,0.14,0.15,0.15,0.13,0.13,0.14,0.16,0.17
A,Annual,BGD,Bangladesh,FAO_RP_5172,Pesticides Use per capita,KM_PS,Kilometers per person,FAO_RP,Pesticides Use,0,Units,A,Normal value,PU,Public,0.01,0.01,0.01,0.01,0.01,0.01,0.02,0.02,0.02,0.02,0.02,0.02,0.03,0.04,0.05,0.06,0.06,0.07,0.08,0.09,0.09,0.1,0.09,0.1,0.1,0.08,0.09,0.09,0.09,0.09,0.09,0.09,0.09,0.09
A,Annual,BGR,Bulgaria,FAO_RP_5172,Pesticides Use per capita,KM_PS,Kilometers per person,FAO_RP,Pesticides Use,0,Units,A,Normal value,PU,Public,0.44,0.45,0.46,0.45,0.43,0.42,0.41,0.4,0.39,0.37,0.36,0.35,0.33,0.32,0.3,0.29,0.28,0.26,0.24,0.23,0.21,0.2,0.18,0.16,0.14,0.21,0.53,0.48,0.72,0.95,0.61,0.65,0.64,0.5
A,Annual,BHR,Bahrain,FAO_RP_5172,Pesticides Use per capita,KM_PS,Kilometers per person,FAO_RP,Pesticides Use,0,Units,A,Normal value,PU,Public,0.03,0.03,0.03,0.02,0.05,0.02,0.02,0.02,0.02,0.02,0.01,0.01,0.0,0.01,0.01,0.01,0.01,0.02,0.01,0.01,0.01,0.01,0.01,0.01,0.01,0.01,0.01,0.01,0.01,0.02,0.02,0.02,0.01,0.01
A,Annual,BHS,"Bahamas, The",FAO_RP_5172,Pesticides Use per capita,KM_PS,Kilometers per person,FAO_RP,Pesticides Use,0,Units,A,Normal value,PU,Public,0.88,0.92,0.88,1.08,1.27,1.11,1.43,1.73,1.7,1.73,1.42,1.92,1.65,1.49,1.16,1.27,1.08,1.29,0.68,0.27,0.24,0.39,0.42,0.29,0.31,0.46,0.46,0.46,0.45,0.45,0.45,0.45,0.45,0.45
A,Annual,BIH,Bosnia and Herzegovina,FAO_RP_5172,Pesticides Use per capita,KM_PS,Kilometers per person,FAO_RP,Pesticides Use,0,Units,A,Normal value,PU,Public,,,0.54,0.57,0.59,0.6,0.57,0.55,0.53,0.53,0.53,0.52,0.52,0.51,0.52,0.53,0.53,0.55,0.56,0.55,0.56,0.61,0.62,0.63,0.64,0.65,0.68,0.7,0.72,0.75,0.83,0.84,0.85,0.86
A,Annual,BLR,Belarus,FAO_RP_5172,Pesticides Use per capita,KM_PS,Kilometers per person,FAO_RP,Pesticides Use,0,Units,A,Normal value,PU,Public,,,0.21,0.2,0.2,0.21,0.21,0.21,0.19,0.18,0.18,0.2,0.16,0.2,0.24,0.38,0.4,0.44,0.41,0.41,0.36,0.33,0.26,0.24,0.2,0.15,0.11,0.08,0.09,0.44,0.49,0.45,0.46,0.53
A,Annual,BLZ,Belize,FAO_RP_5172,Pesticides Use per capita,KM_PS,Kilometers per person,FAO_RP,Pesticides Use,0,Units,A,Normal value,PU,Public,4.21,3.72,3.78,3.83,3.88,3.92,3.96,4.0,4.04,4.08,4.11,4.14,4.18,4.2,4.23,3.43,2.68,2.28,3.23,2.52,2.19,2.53,1.91,3.03,2.52,2.99,3.45,3.26,3.64,2.75,3.42,2.84,3.3,3.64
A,Annual,BMU,Bermuda,FAO_RP_5172,Pesticides Use per capita,KM_PS,Kilometers per person,FAO_RP,Pesticides Use,0,Units,A,Normal value,PU,Public,0.36,0.35,0.35,0.67,1.32,1.84,1.82,1.48,1.27,1.29,1.31,1.33,1.35,1.37,1.39,1.0,0.69,0.73,1.25,1.42,1.26,1.27,1.79,2.39,2.84,3.27,2.82,2.42,1.84,2.11,2.33,2.27,2.15,1.91
A,Annual,BOL,Bolivia,FAO_RP_5172,Pesticides Use per capita,KM_PS,Kilometers per person,FAO_RP,Pesticides Use,0,Units,A,Normal value,PU,Public,0.35,0.23,0.13,0.17,0.21,0.25,0.29,0.33,0.37,0.4,0.44,0.47,0.5,0.53,0.7,0.76,0.82,0.87,0.9,1.03,1.27,1.34,1.37,1.6,1.52,1.45,1.47,1.91,1.89,1.53,1.63,1.53,1.59,1.29
A,Annual,BRA,Brazil,FAO_RP_5172,Pesticides Use per capita,KM_PS,Kilometers per person,FAO_RP,Pesticides Use,0,Units,A,Normal value,PU,Public,0.34,0.39,0.44,0.49,0.53,0.58,0.62,0.67,0.71,0.75,0.81,0.86,0.82,1.02,1.18,1.26,1.29,1.62,1.65,1.76,1.86,2.09,2.32,2.38,2.42,2.47,2.53,2.52,2.67,2.99,3.29,3.43,3.81,3.79
A,Annual,BRB,Barbados,FAO_RP_5172,Pesticides Use per capita,KM_PS,Kilometers per person,FAO_RP,Pesticides Use,0,Units,A,Normal value,PU,Public,2.13,2.12,2.11,2.11,1.96,2.53,1.81,0.64,0.63,0.61,0.6,0.58,0.56,0.54,0.52,0.5,0.48,0.47,0.45,0.43,0.42,0.4,0.38,0.37,0.35,0.33,0.32,0.3,0.29,0.27,0.26,0.24,0.24,0.24
A,Annual,BRN,Brunei Darussalam,FAO_RP_5172,Pesticides Use per capita,KM_PS,Kilometers per person,FAO_RP,Pesticides Use,0,Units,A,Normal value,PU,Public,0.47,0.51,0.52,0.62,0.7,0.82,0.88,0.85,0.79,0.68,0.61,0.55,0.51,0.81,0.96,0.94,0.59,0.38,0.32,0.37,0.4,0.44,0.42,0.43,0.45,0.41,0.34,0.33,0.36,0.49,0.64,0.64,0.53,0.36
A,Annual,BTN,Bhutan,FAO_RP_5172,Pesticides Use per capita,KM_PS,Kilometers per person,FAO_RP,Pesticides Use,0,Units,A,Normal value,PU,Public,0.01,0.01,0.01,0.01,0.04,0.05,0.06,0.0,0.0,0.0,0.01,0.0,0.0,0.01,0.01,0.0,0.01,0.01,0.01,0.01,0.01,0.01,0.01,0.01,0.0,0.01,0.02,0.2,0.23,0.24,0.21,0.22,0.23,0.19
A,Annual,BWA,Botswana,FAO_RP_5172,Pesticides Use per capita,KM_PS,Kilometers per person,FAO_RP,Pesticides Use,0,Units,A,Normal value,PU,Public,0.27,0.25,0.23,0.18,0.14,0.11,0.11,0.12,0.14,0.17,0.22,0.25,0.25,0.21,0.17,0.18,0.22,0.23,0.22,0.19,0.19,0.21,0.22,0.22,0.22,0.28,0.33,0.42,0.38,0.43,0.5,0.58,0.58,0.51
A,Annual,CAF,Central African Republic,FAO_RP_5172,Pesticides Use per capita,KM_PS,Kilometers per person,FAO_RP,Pesticides Use,0,Units,A,Normal value,PU,Public,0.05,0.04,0.02,0.02,0.03,0.04,0.03,0.03,0.02,0.02,0.01,0.01,0.01,0.01,0.01,0.01,0.0,0.01,0.01,0.01,0.01,0.01,0.01,0.01,0.0,0.01,0.01,0.01,0.01,0.01,0.01,0.04,0.04,0.05
A,Annual,CAN,Canada,FAO_RP_5172,Pesticides Use per capita,KM_PS,Kilometers per person,FAO_RP,Pesticides Use,0,Units,A,Normal value,PU,Public,1.06,1.05,1.03,1.02,1.0,1.09,1.18,1.27,1.36,1.45,1.29,1.23,1.09,1.12,1.13,1.12,1.12,1.36,1.61,1.61,1.79,1.8,2.1,2.31,2.14,2.09,2.5,2.67,2.35,2.09,2.44,2.54,2.46,2.43
A,Annual,CHE,Switzerland,FAO_RP_5172,Pesticides Use per capita,KM_PS,Kilometers per person,FAO_RP,Pesticides Use,0,Units,A,Normal value,PU,Public,0.34,0.3,0.29,0.28,0.27,0.26,0.25,0.23,0.22,0.21,0.22,0.22,0.21,0.2,0.19,0.19,0.18,0.28,0.29,0.29,0.27,0.29,0.28,0.28,0.27,0.27,0.26,0.24,0.24,0.22,0.22,0.25,0.25,0.17
A,Annual,CHL,Chile,FAO_RP_5172,Pesticides Use per capita,KM_PS,Kilometers per person,FAO_RP,Pesticides Use,0,Units,A,Normal value,PU,Public,0.25,0.25,0.23,0.23,0.23,0.25,0.31,0.33,0.33,0.3,0.31,0.33,0.36,0.35,0.37,0.39,0.4,0.39,0.38,0.41,0.4,0.41,0.42,0.46,0.47,0.53,0.65,0.73,0.69,0.67,0.73,0.87,0.9,0.9
A,Annual,CHN,China,FAO_RP_5172,Pesticides Use per capita,KM_PS,Kilometers per person,FAO_RP,Pesticides Use,0,Units,A,Normal value,PU,Public,0.13,0.12,0.13,0.13,0.15,0.17,0.17,0.18,0.19,0.2,0.19,0.19,0.19,0.19,0.2,0.21,0.22,0.23,0.24,0.24,0.25,0.25,0.25,0.25,0.25,0.24,0.23,0.22,0.2,0.18,0.17,0.16,0.16,0.15
A,Annual,CIV,Cote d'Ivoire,FAO_RP_5172,Pesticides Use per capita,KM_PS,Kilometers per person,FAO_RP,Pesticides Use,0,Units,A,Normal value,PU,Public,0.0,0.0,0.0,0.0,0.01,0.01,0.01,0.01,0.01,0.01,0.01,0.0,0.0,0.0,0.0,0.0,0.0,0.0,0.0,0.0,0.0,0.0,0.0,0.0,0.0,0.0,0.0,0.0,0.0,0.0,0.0,0.0,0.0,0.0
A,Annual,CMR,Cameroon,FAO_RP_5172,Pesticides Use per capita,KM_PS,Kilometers per person,FAO_RP,Pesticides Use,0,Units,A,Normal value,PU,Public,0.2,0.13,0.15,0.1,0.05,0.0,0.01,0.05,0.02,0.04,0.04,0.04,0.14,0.14,0.15,0.13,0.16,0.16,0.14,0.12,0.18,0.2,0.19,0.21,0.25,0.26,0.21,0.29,0.3,0.32,0.41,0.37,0.36,0.35
A,Annual,COD,"Congo, Dem. Rep.",FAO_RP_5172,Pesticides Use per capita,KM_PS,Kilometers per person,FAO_RP,Pesticides Use,0,Units,A,Normal value,PU,Public,0.03,0.03,0.03,0.03,0.03,0.02,0.02,0.02,0.02,0.02,0.02,0.02,0.02,0.02,0.02,0.02,0.02,0.02,0.02,0.02,0.02,0.02,0.02,0.01,0.01,0.01,0.01,0.01,0.01,0.01,0.01,0.01,0.01,0.02
A,Annual,COG,"Congo, Rep.",FAO_RP_5172,Pesticides Use per capita,KM_PS,Kilometers per person,FAO_RP,Pesticides Use,0,Units,A,Normal value,PU,Public,0.02,0.02,0.03,0.04,0.06,0.07,0.08,0.09,0.1,0.1,0.1,0.11,0.11,0.11,0.11,0.12,0.12,0.11,0.11,0.11,0.13,0.14,0.16,0.18,0.16,0.14,0.1,0.09,0.09,0.1,0.13,0.25,0.36,0.46
A,Annual,COK,Cook Islands,FAO_RP_5172,Pesticides Use per capita,KM_PS,Kilometers per person,FAO_RP,Pesticides Use,0,Units,A,Normal value,PU,Public,0.58,0.58,0.57,0.69,0.85,0.88,0.74,0.53,0.62,0.76,0.95,1.04,1.23,1.36,1.38,1.31,1.31,1.32,1.26,1.06,0.92,0.81,0.85,0.85,0.85,0.86,0.86,0.88,0.9,0.93,0.95,0.98,1.01,1.05
A,Annual,COL,Colombia,FAO_RP_5172,Pesticides Use per capita,KM_PS,Kilometers per person,FAO_RP,Pesticides Use,0,Units,A,Normal value,PU,Public,0.56,0.51,0.45,0.43,0.49,0.56,0.5,0.43,1.61,1.72,1.94,2.15,2.08,2.17,2.54,2.8,2.3,1.91,1.11,1.16,1.09,1.19,1.07,1.18,1.58,0.72,0.68,0.78,0.77,0.74,0.78,1.53,1.51,0.37
A,Annual,COM,Comoros,FAO_RP_5172,Pesticides Use per capita,KM_PS,Kilometers per person,FAO_RP,Pesticides Use,0,Units,A,Normal value,PU,Public,0.03,0.03,0.03,0.03,0.03,0.04,0.04,0.04,0.03,0.02,0.02,0.02,0.01,0.01,0.0,0.0,0.01,0.01,0.02,0.03,0.04,0.04,0.03,0.02,0.01,0.02,0.02,0.03,0.03,0.03,0.04,0.05,0.05,0.05
A,Annual,CPV,Cabo Verde,FAO_RP_5172,Pesticides Use per capita,KM_PS,Kilometers per person,FAO_RP,Pesticides Use,0,Units,A,Normal value,PU,Public,0.0,0.0,0.0,0.0,0.0,0.0,0.0,0.0,0.02,0.02,0.02,0.01,0.01,0.01,0.01,0.01,0.01,0.01,0.01,0.01,0.01,0.01,0.01,0.01,0.01,0.01,0.01,0.01,0.01,0.01,0.01,0.01,0.01,0.01
A,Annual,CRI,Costa Rica,FAO_RP_5172,Pesticides Use per capita,KM_PS,Kilometers per person,FAO_RP,Pesticides Use,0,Units,A,Normal value,PU,Public,0.46,0.45,0.44,0.43,0.43,0.43,0.76,1.11,2.09,2.87,3.63,2.67,2.71,2.75,2.79,2.83,2.87,2.91,3.0,2.73,3.13,2.78,2.7,2.62,2.54,2.46,2.39,2.32,2.07,2.37,2.35,1.81,1.8,1.85
A,Annual,CUB,Cuba,FAO_RP_5172,Pesticides Use per capita,KM_PS,Kilometers per person,FAO_RP,Pesticides Use,0,Units,A,Normal value,PU,Public,0.39,0.39,0.39,0.39,0.38,0.38,0.38,0.38,0.38,0.35,0.33,0.31,0.28,0.27,0.28,0.31,0.33,0.32,0.32,0.32,0.33,0.33,0.34,0.34,0.35,0.35,0.32,0.28,0.21,0.18,0.12,0.09,0.07,0.07
A,Annual,CYP,Cyprus,FAO_RP_5172,Pesticides Use per capita,KM_PS,Kilometers per person,FAO_RP,Pesticides Use,0,Units,A,Normal value,PU,Public,2.77,2.47,2.09,2.47,2.98,2.35,2.75,2.48,1.89,1.33,0.79,0.9,1.08,0.8,0.7,0.65,0.82,0.5,0.44,0.66,0.56,1.08,1.0,0.95,0.91,0.87,0.92,0.93,0.93,0.96,0.91,0.84,0.76,0.61
A,Annual,CZE,Czechia,FAO_RP_5172,Pesticides Use per capita,KM_PS,Kilometers per person,FAO_RP,Pesticides Use,0,Units,A,Normal value,PU,Public,,,,0.34,0.35,0.36,0.35,0.4,0.42,0.41,0.44,0.45,0.49,0.45,0.52,0.52,0.55,0.6,0.52,0.46,0.47,0.67,0.62,0.59,0.54,0.6,0.56,0.5,0.49,0.48,0.41,0.43,0.52,0.42
A,Annual,DEU,Germany,FAO_RP_5172,Pesticides Use per capita,KM_PS,Kilometers per person,FAO_RP,Pesticides Use,0,Units,A,Normal value,PU,Public,0.39,0.4,0.37,0.31,0.32,0.37,0.39,0.37,0.41,0.37,0.43,0.41,0.42,0.43,0.43,0.44,0.47,0.5,0.54,0.49,0.51,0.54,0.56,0.54,0.57,0.58,0.57,0.58,0.54,0.54,0.57,0.58,0.57,0.48
A,Annual,DJI,Djibouti,FAO_RP_5172,Pesticides Use per capita,KM_PS,Kilometers per person,FAO_RP,Pesticides Use,0,Units,A,Normal value,PU,Public,0.04,0.03,0.03,0.03,0.03,0.03,0.03,0.03,0.03,0.03,0.03,0.03,0.02,0.02,0.02,0.02,0.02,0.02,0.02,0.02,0.02,0.03,0.03,0.03,0.03,0.04,0.04,0.04,0.04,0.04,0.05,0.04,0.09,0.12
A,Annual,DNK,Denmark,FAO_RP_5172,Pesticides Use per capita,KM_PS,Kilometers per person,FAO_RP,Pesticides Use,0,Units,A,Normal value,PU,Public,1.1,0.9,0.88,0.79,0.75,0.96,0.7,0.7,0.68,0.54,0.59,0.62,0.53,0.55,0.54,0.6,0.59,0.61,0.75,0.51,0.7,0.82,1.07,0.75,0.32,0.45,0.45,0.47,0.46,0.46,0.54,0.51,0.55,0.56
A,Annual,DOM,Dominican Republic,FAO_RP_5172,Pesticides Use per capita,KM_PS,Kilometers per person,FAO_RP,Pesticides Use,0,Units,A,Normal value,PU,Public,0.7,0.68,0.67,0.65,0.64,0.44,0.43,0.47,0.53,0.56,0.59,0.82,0.45,0.1,0.41,0.38,0.44,0.6,0.57,0.62,0.64,0.64,0.64,0.64,0.64,0.48,0.56,0.64,0.66,0.51,0.37,0.23,0.18,0.18
A,Annual,DZA,Algeria,FAO_RP_5172,Pesticides Use per capita,KM_PS,Kilometers per person,FAO_RP,Pesticides Use,0,Units,A,Normal value,PU,Public,0.23,0.27,0.15,0.14,0.15,0.22,0.08,0.06,0.05,0.07,0.08,0.09,0.1,0.11,0.12,0.08,0.07,0.1,0.16,0.09,0.05,0.21,0.24,0.22,0.18,0.11,0.1,0.15,0.14,0.14,0.14,0.14,0.13,0.13
A,Annual,ECU,Ecuador,FAO_RP_5172,Pesticides Use per capita,KM_PS,Kilometers per person,FAO_RP,Pesticides Use,0,Units,A,Normal value,PU,Public,0.24,0.22,0.18,0.17,0.23,0.23,0.2,0.63,1.75,1.14,1.41,0.57,0.1,2.29,2.19,1.33,0.56,0.99,1.06,0.65,2.1,1.14,0.74,0.41,2.09,2.74,2.38,2.26,2.19,1.97,1.6,1.89,1.77,1.96
A,Annual,EGY,"Egypt, Arab Rep.",FAO_RP_5172,Pesticides Use per capita,KM_PS,Kilometers per person,FAO_RP,Pesticides Use,0,Units,A,Normal value,PU,Public,0.23,0.14,0.1,0.07,0.07,0.07,0.07,0.07,0.07,0.07,0.07,0.07,0.07,0.07,0.07,0.07,0.12,0.11,0.11,0.1,0.13,0.14,0.15,0.14,0.12,0.08,0.11,0.08,0.11,0.12,0.11,0.1,0.08,0.1
A,Annual,ERI,Eritrea,FAO_RP_5172,Pesticides Use per capita,KM_PS,Kilometers per person,FAO_RP,Pesticides Use,0,Units,A,Normal value,PU,Public,,,,0.0,0.0,0.0,0.0,0.01,0.01,0.01,0.01,0.01,0.01,0.01,0.01,0.01,0.01,0.01,0.01,0.01,0.01,0.01,0.01,0.01,0.01,0.01,0.01,0.01,0.01,0.01,0.01,0.01,0.01,0.01
A,Annual,ESP,Spain,FAO_RP_5172,Pesticides Use per capita,KM_PS,Kilometers per person,FAO_RP,Pesticides Use,0,Units,A,Normal value,PU,Public,1.01,1.0,0.81,0.74,0.78,0.7,0.83,0.84,0.86,0.82,0.84,0.87,0.98,0.98,1.1,0.93,0.89,0.86,0.88,0.75,0.83,1.56,1.35,1.52,1.69,1.65,1.65,1.54,1.55,1.59,1.59,1.6,1.18,1.1
A,Annual,EST,Estonia,FAO_RP_5172,Pesticides Use per capita,KM_PS,Kilometers per person,FAO_RP,Pesticides Use,0,Units,A,Normal value,PU,Public,,,0.3,0.11,0.12,0.11,0.09,0.14,0.14,0.13,0.23,0.24,0.24,0.24,0.26,0.28,0.34,0.34,0.41,0.3,0.39,0.35,0.42,0.43,0.45,0.45,0.54,0.53,0.48,0.56,0.58,0.67,0.58,0.52
A,Annual,ETH,Ethiopia,FAO_RP_5172,Pesticides Use per capita,KM_PS,Kilometers per person,FAO_RP,Pesticides Use,0,Units,A,Normal value,PU,Public,,,,0.0,0.0,0.0,0.01,0.01,0.01,0.01,0.01,0.01,0.01,0.01,0.02,0.02,0.03,0.03,0.03,0.04,0.05,0.04,0.04,0.04,0.04,0.04,0.04,0.04,0.04,0.04,0.03,0.03,0.03,0.03
A,Annual,FIN,Finland,FAO_RP_5172,Pesticides Use per capita,KM_PS,Kilometers per person,FAO_RP,Pesticides Use,0,Units,A,Normal value,PU,Public,0.85,0.75,0.8,0.81,0.78,0.46,0.48,0.61,0.79,0.81,0.7,0.79,0.91,0.91,0.91,0.94,1.0,0.77,0.72,0.9,0.71,0.56,0.58,0.6,0.64,0.73,0.84,0.79,0.89,0.73,0.89,0.74,0.6,0.58
A,Annual,FJI,Fiji,FAO_RP_5172,Pesticides Use per capita,KM_PS,Kilometers per person,FAO_RP,Pesticides Use,0,Units,A,Normal value,PU,Public,0.16,0.87,0.15,0.17,0.2,0.23,0.25,0.28,0.3,0.32,0.34,0.37,0.39,0.41,0.43,0.45,0.47,0.49,0.51,0.61,0.66,0.64,0.71,0.63,0.83,0.75,0.67,0.67,0.67,0.67,0.67,0.67,0.67,0.66
A,Annual,FLK,Falkland Islands,FAO_RP_5172,Pesticides Use per capita,KM_PS,Kilometers per person,FAO_RP,Pesticides Use,0,Units,A,Normal value,PU,Public,1.14,1.12,1.06,0.98,0.9,0.82,0.74,0.68,0.62,0.56,0.51,0.46,0.41,0.36,0.32,0.27,0.23,0.19,0.14,0.12,0.1,0.1,0.1,0.1,0.1,0.1,0.09,0.09,0.09,0.09,0.09,0.09,0.09,0.09
A,Annual,FRA,France,FAO_RP_5172,Pesticides Use per capita,KM_PS,Kilometers per person,FAO_RP,Pesticides Use,0,Units,A,Normal value,PU,Public,1.71,1.81,1.48,1.59,1.54,1.44,1.68,1.87,1.83,1.94,1.65,1.66,1.37,1.23,1.24,1.27,1.15,1.24,1.25,1.01,0.98,0.96,1.0,1.04,1.16,1.03,1.11,1.08,1.28,0.83,0.98,1.06,1.02,0.98
A,Annual,FRO,Faroe Islands,FAO_RP_5172,Pesticides Use per capita,KM_PS,Kilometers per person,FAO_RP,Pesticides Use,0,Units,A,Normal value,PU,Public,0.39,0.48,0.49,0.48,0.49,0.5,0.5,0.51,0.48,0.46,0.44,0.42,0.41,0.4,0.39,0.38,0.38,0.38,0.38,0.38,0.38,0.39,0.39,0.39,0.39,0.39,0.43,0.43,0.41,0.43,0.44,0.44,0.43,0.43
A,Annual,FSM,"Micronesia, Fed. Sts.",FAO_RP_5172,Pesticides Use per capita,KM_PS,Kilometers per person,FAO_RP,Pesticides Use,0,Units,A,Normal value,PU,Public,,0.19,0.19,0.18,0.18,0.18,0.18,0.18,0.18,0.18,0.18,0.18,0.18,0.17,0.15,0.15,0.14,0.14,0.12,0.11,0.11,0.12,0.13,0.13,0.11,0.11,0.11,0.11,0.11,0.11,0.11,0.11,0.11,0.11
A,Annual,GAB,Gabon,FAO_RP_5172,Pesticides Use per capita,KM_PS,Kilometers per person,FAO_RP,Pesticides Use,0,Units,A,Normal value,PU,Public,0.2,0.2,0.23,0.27,0.3,0.33,0.35,0.35,0.32,0.3,0.27,0.25,0.2,0.18,0.25,0.35,0.39,0.36,0.32,0.43,0.48,0.5,0.44,0.49,0.48,0.54,0.53,0.62,0.54,0.5,0.46,0.48,0.42,0.39
A,Annual,GBR,United Kingdom,FAO_RP_5172,Pesticides Use per capita,KM_PS,Kilometers per person,FAO_RP,Pesticides Use,0,Units,A,Normal value,PU,Public,0.51,0.5,0.54,0.56,0.58,0.58,0.61,0.61,0.6,0.6,0.56,0.55,0.52,0.51,0.52,0.52,0.37,0.36,0.35,0.34,0.27,0.38,0.32,0.26,0.35,0.33,0.28,0.28,0.27,0.28,0.22,0.22,0.25,0.25
A,Annual,GEO,Georgia,FAO_RP_5172,Pesticides Use per capita,KM_PS,Kilometers per person,FAO_RP,Pesticides Use,0,Units,A,Normal value,PU,Public,,,0.58,0.59,0.61,0.63,0.64,0.66,0.67,0.69,0.71,0.73,0.75,0.75,0.76,0.77,0.77,0.78,0.78,0.79,0.79,0.8,0.8,0.81,0.81,0.36,0.39,0.46,0.59,0.68,0.75,0.66,0.72,0.77
A,Annual,GHA,Ghana,FAO_RP_5172,Pesticides Use per capita,KM_PS,Kilometers per person,FAO_RP,Pesticides Use,0,Units,A,Normal value,PU,Public,0.0,0.0,0.0,0.0,0.0,0.0,0.09,0.03,0.02,0.01,0.0,0.0,0.0,0.01,0.01,0.01,0.03,0.01,0.01,0.02,0.05,0.09,0.13,0.16,0.19,0.31,0.32,0.32,0.32,0.31,0.3,0.3,0.29,0.29
A,Annual,GIN,Guinea,FAO_RP_5172,Pesticides Use per capita,KM_PS,Kilometers per person,FAO_RP,Pesticides Use,0,Units,A,Normal value,PU,Public,0.01,0.01,0.01,0.0,0.01,0.02,0.02,0.02,0.03,0.03,0.03,0.03,0.03,0.04,0.04,0.04,0.04,0.04,0.04,0.04,0.05,0.06,0.07,0.08,0.06,0.04,0.01,0.02,0.01,0.01,0.01,0.01,0.01,0.01
A,Annual,GMB,"Gambia, The",FAO_RP_5172,Pesticides Use per capita,KM_PS,Kilometers per person,FAO_RP,Pesticides Use,0,Units,A,Normal value,PU,Public,0.11,0.1,0.1,0.09,0.13,0.15,0.18,0.17,0.17,0.17,0.15,0.16,0.17,0.25,0.37,0.52,0.46,0.38,0.21,0.15,0.14,0.13,0.18,0.17,0.17,0.15,0.18,0.19,0.23,0.2,0.17,0.15,0.16,0.21
A,Annual,GNB,Guinea-Bissau,FAO_RP_5172,Pesticides Use per capita,KM_PS,Kilometers per person,FAO_RP,Pesticides Use,0,Units,A,Normal value,PU,Public,0.03,0.04,0.0,0.02,0.02,0.02,0.01,0.01,0.0,0.0,0.03,0.07,0.06,0.06,0.06,0.06,0.06,0.06,0.06,0.05,0.05,0.05,0.05,0.05,0.05,0.05,0.04,0.04,0.04,0.04,0.04,0.04,0.04,0.04
A,Annual,GNQ,Equatorial Guinea,FAO_RP_5172,Pesticides Use per capita,KM_PS,Kilometers per person,FAO_RP,Pesticides Use,0,Units,A,Normal value,PU,Public,0.01,0.01,0.01,0.04,0.09,0.1,0.09,0.04,0.04,0.04,0.02,0.02,0.01,0.02,0.03,0.06,0.13,0.15,0.15,0.15,0.15,0.16,0.14,0.13,0.11,0.07,0.06,0.04,0.04,0.05,0.05,0.04,0.04,0.04
A,Annual,GRC,Greece,FAO_RP_5172,Pesticides Use per capita,KM_PS,Kilometers per person,FAO_RP,Pesticides Use,0,Units,A,Normal value,PU,Public,0.72,0.72,0.76,0.85,0.61,0.63,0.69,0.87,1.0,0.9,0.99,0.99,1.17,1.13,1.2,1.27,0.68,0.67,0.46,0.31,0.5,0.54,0.55,0.96,0.36,0.39,0.44,0.42,0.45,0.45,0.46,0.45,0.38,0.41
A,Annual,GRD,Grenada,FAO_RP_5172,Pesticides Use per capita,KM_PS,Kilometers per person,FAO_RP,Pesticides Use,0,Units,A,Normal value,PU,Public,1.44,1.38,1.26,1.17,1.28,1.33,1.26,1.04,0.87,0.9,0.91,0.87,0.81,0.75,0.91,1.04,1.1,1.95,1.97,1.91,0.92,0.72,0.63,0.73,0.84,1.02,1.0,1.03,1.0,1.0,0.95,1.0,1.05,1.1
A,Annual,GRL,Greenland,FAO_RP_5172,Pesticides Use per capita,KM_PS,Kilometers per person,FAO_RP,Pesticides Use,0,Units,A,Normal value,PU,Public,0.06,0.06,0.07,0.07,0.08,0.08,0.09,0.1,0.1,0.09,0.06,0.07,0.13,0.24,0.29,0.29,0.25,0.2,0.15,0.12,0.15,0.18,0.2,0.17,0.14,0.09,0.12,0.13,0.17,0.15,0.15,0.15,0.15,0.15
A,Annual,GTM,Guatemala,FAO_RP_5172,Pesticides Use per capita,KM_PS,Kilometers per person,FAO_RP,Pesticides Use,0,Units,A,Normal value,PU,Public,1.33,1.29,1.26,1.23,1.2,1.16,1.13,1.09,1.05,1.0,0.96,0.93,0.89,0.86,0.93,1.03,1.19,1.68,1.3,0.93,1.03,1.06,1.25,1.29,0.73,0.63,0.7,0.68,0.7,0.64,0.82,0.75,0.79,0.72
A,Annual,GUM,Guam,FAO_RP_5172,Pesticides Use per capita,KM_PS,Kilometers per person,FAO_RP,Pesticides Use,0,Units,A,Normal value,PU,Public,0.13,0.13,0.13,0.13,0.13,0.12,0.12,0.12,0.12,0.12,0.12,0.12,0.11,0.09,0.07,0.05,0.05,0.05,0.05,0.06,0.06,0.06,0.05,0.04,0.03,0.02,0.09,0.25,0.49,0.61,0.59,0.36,0.18,0.05
A,Annual,GUY,Guyana,FAO_RP_5172,Pesticides Use per capita,KM_PS,Kilometers per person,FAO_RP,Pesticides Use,0,Units,A,Normal value,PU,Public,0.26,0.25,0.26,0.24,0.26,0.25,0.25,0.25,0.25,0.24,0.24,0.24,0.23,0.25,0.25,0.27,0.28,0.32,0.33,0.3,0.38,0.38,0.4,0.42,0.43,0.42,0.43,0.43,0.41,0.46,0.49,0.51,0.55,0.55
A,Annual,HKG,"Hong Kong SAR, China",FAO_RP_5172,Pesticides Use per capita,KM_PS,Kilometers per person,FAO_RP,Pesticides Use,0,Units,A,Normal value,PU,Public,0.02,0.02,0.01,0.01,0.01,0.01,0.01,0.01,0.01,0.01,0.01,0.01,0.01,0.01,0.01,0.01,0.01,0.01,0.01,0.01,0.01,0.01,0.01,0.01,0.01,0.01,0.01,0.01,0.01,0.01,0.01,0.01,0.01,0.01
A,Annual,HND,Honduras,FAO_RP_5172,Pesticides Use per capita,KM_PS,Kilometers per person,FAO_RP,Pesticides Use,0,Units,A,Normal value,PU,Public,0.92,0.66,1.13,1.25,0.98,1.36,1.09,1.15,0.56,0.37,0.67,0.17,0.26,0.34,0.42,0.49,0.56,0.67,0.64,0.53,0.69,0.72,0.83,0.82,0.84,0.88,0.8,0.85,0.9,0.83,1.16,1.02,0.97,0.91
A,Annual,HRV,Croatia,FAO_RP_5172,Pesticides Use per capita,KM_PS,Kilometers per person,FAO_RP,Pesticides Use,0,Units,A,Normal value,PU,Public,,,0.48,0.57,0.65,0.74,0.69,0.68,0.66,0.65,0.63,0.61,0.58,0.56,0.53,0.51,0.51,0.48,0.57,0.5,0.37,0.39,0.41,0.47,0.5,0.55,0.45,0.39,0.42,0.39,0.42,0.37,0.39,0.31
A,Annual,HTI,Haiti,FAO_RP_5172,Pesticides Use per capita,KM_PS,Kilometers per person,FAO_RP,Pesticides Use,0,Units,A,Normal value,PU,Public,0.03,0.02,0.01,0.01,0.02,0.02,0.03,0.03,0.05,0.04,0.04,0.04,0.05,0.05,0.05,0.05,0.05,0.06,0.08,0.08,0.11,0.09,0.09,0.05,0.04,0.04,0.04,0.06,0.06,0.06,0.07,0.08,0.09,0.1
A,Annual,HUN,Hungary,FAO_RP_5172,Pesticides Use per capita,KM_PS,Kilometers per person,FAO_RP,Pesticides Use,0,Units,A,Normal value,PU,Public,1.23,0.78,0.56,0.98,0.93,0.75,0.67,0.43,0.52,0.45,0.41,0.54,0.81,0.86,0.99,0.96,1.15,1.11,1.21,1.11,1.03,0.86,0.81,0.79,0.91,0.96,1.0,1.0,0.87,0.8,0.89,0.91,0.89,0.67
A,Annual,IDN,Indonesia,FAO_RP_5172,Pesticides Use per capita,KM_PS,Kilometers per person,FAO_RP,Pesticides Use,0,Units,A,Normal value,PU,Public,0.62,0.62,0.65,0.66,0.65,0.69,0.7,0.65,0.65,0.65,0.66,0.67,0.7,0.73,0.76,0.77,0.79,0.94,1.08,1.07,1.27,0.83,1.01,1.23,0.98,1.2,1.32,1.04,0.97,1.01,0.78,1.02,1.06,1.05
A,Annual,IND,India,FAO_RP_5172,Pesticides Use per capita,KM_PS,Kilometers per person,FAO_RP,Pesticides Use,0,Units,A,Normal value,PU,Public,0.09,0.08,0.08,0.07,0.07,0.06,0.06,0.05,0.05,0.04,0.04,0.04,0.04,0.04,0.03,0.03,0.03,0.02,0.01,0.02,0.03,0.03,0.03,0.03,0.03,0.03,0.03,0.03,0.03,0.03,0.03,0.03,0.03,0.03
A,Annual,IRL,Ireland,FAO_RP_5172,Pesticides Use per capita,KM_PS,Kilometers per person,FAO_RP,Pesticides Use,0,Units,A,Normal value,PU,Public,0.57,0.57,0.57,0.56,0.56,0.6,0.43,0.6,0.61,0.51,0.51,0.6,0.67,0.68,0.73,0.63,0.65,0.7,0.62,0.5,0.55,0.81,0.6,0.63,0.72,0.75,0.65,0.61,0.54,0.6,0.58,0.61,0.53,0.44
A,Annual,IRN,"Iran, Islamic Rep.",FAO_RP_5172,Pesticides Use per capita,KM_PS,Kilometers per person,FAO_RP,Pesticides Use,0,Units,A,Normal value,PU,Public,0.18,0.27,0.19,0.16,0.17,0.14,0.08,0.1,0.11,0.13,0.14,0.13,0.14,0.15,0.14,0.11,0.11,0.08,0.04,0.05,0.06,0.06,0.09,0.08,0.08,0.08,0.08,0.08,0.07,0.06,0.07,0.07,0.07,0.06
A,Annual,IRQ,Iraq,FAO_RP_5172,Pesticides Use per capita,KM_PS,Kilometers per person,FAO_RP,Pesticides Use,0,Units,A,Normal value,PU,Public,0.04,0.04,0.04,0.04,0.03,0.04,0.03,0.04,0.03,0.02,0.02,0.03,0.03,0.03,0.03,0.03,0.03,0.04,0.03,0.03,0.02,0.02,0.02,0.01,0.01,0.01,0.0,0.01,0.01,0.01,0.01,0.01,0.01,0.01
A,Annual,ISL,Iceland,FAO_RP_5172,Pesticides Use per capita,KM_PS,Kilometers per person,FAO_RP,Pesticides Use,0,Units,A,Normal value,PU,Public,0.01,0.01,0.01,0.01,0.01,0.01,0.01,0.01,0.01,0.01,0.01,0.02,0.01,0.01,0.02,0.02,0.02,0.02,0.02,0.01,0.01,0.01,0.01,0.01,0.01,0.01,0.01,0.01,0.01,0.0,0.0,0.0,0.01,0.0
A,Annual,ISR,Israel,FAO_RP_5172,Pesticides Use per capita,KM_PS,Kilometers per person,FAO_RP,Pesticides Use,0,Units,A,Normal value,PU,Public,0.55,0.52,0.5,0.49,0.48,0.47,0.45,0.44,0.43,0.5,0.57,0.63,0.69,0.76,0.82,0.87,0.93,0.98,1.04,0.92,0.92,0.82,0.79,0.77,0.8,0.79,0.74,0.82,0.86,0.81,0.83,0.76,0.7,0.69
A,Annual,ITA,Italy,FAO_RP_5172,Pesticides Use per capita,KM_PS,Kilometers per person,FAO_RP,Pesticides Use,0,Units,A,Normal value,PU,Public,1.76,1.56,1.54,1.56,1.41,1.47,1.31,1.48,1.47,1.43,1.39,1.33,1.64,1.49,1.44,1.45,1.27,1.36,1.34,1.24,1.19,1.16,1.02,0.91,0.98,1.04,0.99,0.93,0.9,0.81,0.94,0.84,0.75,0.67
A,Annual,JAM,Jamaica,FAO_RP_5172,Pesticides Use per capita,KM_PS,Kilometers per person,FAO_RP,Pesticides Use,0,Units,A,Normal value,PU,Public,0.51,0.51,0.5,0.5,0.49,0.5,0.52,0.24,0.43,0.51,0.53,0.57,0.52,0.54,0.51,0.51,0.46,0.47,0.47,0.46,0.38,0.4,0.46,0.44,0.41,0.38,0.5,0.55,0.54,0.53,0.65,0.58,0.58,0.58
A,Annual,JOR,Jordan,FAO_RP_5172,Pesticides Use per capita,KM_PS,Kilometers per person,FAO_RP,Pesticides Use,0,Units,A,Normal value,PU,Public,0.2,0.24,0.33,0.18,0.17,0.16,0.19,0.17,0.16,0.1,0.1,0.28,0.28,0.23,0.13,0.29,0.18,0.2,0.18,0.15,0.13,0.15,0.09,0.13,0.08,0.07,0.1,0.13,0.06,0.06,0.04,0.04,0.05,0.06
A,Annual,JPN,Japan,FAO_RP_5172,Pesticides Use per capita,KM_PS,Kilometers per person,FAO_RP,Pesticides Use,0,Units,A,Normal value,PU,Public,0.65,0.64,0.64,0.64,0.64,0.64,0.63,0.63,0.63,0.63,0.63,0.62,0.55,0.53,0.51,0.5,0.51,0.48,0.46,0.48,0.43,0.4,0.43,0.41,0.42,0.43,0.4,0.41,0.41,0.41,0.39,0.39,0.4,0.37
A,Annual,KAZ,Kazakhstan,FAO_RP_5172,Pesticides Use per capita,KM_PS,Kilometers per person,FAO_RP,Pesticides Use,0,Units,A,Normal value,PU,Public,,,0.99,0.99,1.01,0.81,0.79,0.51,0.41,0.31,0.2,0.19,0.21,0.23,0.24,0.23,0.24,0.34,0.43,0.52,0.37,0.62,0.5,0.5,0.63,0.59,0.56,0.74,0.69,0.68,0.74,0.93,0.44,0.43
A,Annual,KEN,Kenya,FAO_RP_5172,Pesticides Use per capita,KM_PS,Kilometers per person,FAO_RP,Pesticides Use,0,Units,A,Normal value,PU,Public,0.02,0.04,0.06,0.06,0.14,0.14,0.14,0.06,0.07,0.07,0.06,0.06,0.05,0.05,0.05,0.06,0.06,0.05,0.06,0.05,0.07,0.07,0.09,0.1,0.1,0.1,0.1,0.11,0.12,0.13,0.12,0.1,0.09,0.09
A,Annual,KGZ,Kyrgyz Republic,FAO_RP_5172,Pesticides Use per capita,KM_PS,Kilometers per person,FAO_RP,Pesticides Use,0,Units,A,Normal value,PU,Public,,,0.53,0.48,0.43,0.37,0.32,0.27,0.23,0.18,0.14,0.12,0.14,0.25,0.25,0.21,0.15,0.19,0.12,0.05,0.06,0.06,0.06,0.06,0.07,0.09,0.09,0.09,0.1,0.1,0.1,0.09,0.08,0.08
A,Annual,KHM,Cambodia,FAO_RP_5172,Pesticides Use per capita,KM_PS,Kilometers per person,FAO_RP,Pesticides Use,0,Units,A,Normal value,PU,Public,0.07,0.06,0.06,0.06,0.05,0.05,0.04,0.04,0.04,0.04,0.04,0.03,0.03,0.03,0.03,0.03,0.04,0.05,0.06,0.07,0.08,0.11,0.16,0.22,0.28,0.33,0.29,0.33,0.47,0.72,0.91,1.02,1.09,1.11
A,Annual,KIR,Kiribati,FAO_RP_5172,Pesticides Use per capita,KM_PS,Kilometers per person,FAO_RP,Pesticides Use,0,Units,A,Normal value,PU,Public,0.03,0.03,0.03,0.04,0.12,0.13,0.13,0.05,0.04,0.04,0.05,0.05,0.05,0.06,0.07,0.07,0.08,0.08,0.08,0.09,0.09,0.09,0.09,0.14,0.18,0.2,0.18,0.16,0.17,0.2,0.24,0.25,0.26,0.25
A,Annual,KNA,St. Kitts and Nevis,FAO_RP_5172,Pesticides Use per capita,KM_PS,Kilometers per person,FAO_RP,Pesticides Use,0,Units,A,Normal value,PU,Public,2.29,2.29,2.27,2.28,2.39,2.53,2.43,2.32,2.24,2.2,4.43,3.97,3.51,3.06,2.62,2.17,2.07,2.23,1.93,2.12,1.93,1.86,2.04,2.1,2.33,2.45,2.56,2.5,2.16,2.16,2.16,2.17,2.17,2.17
A,Annual,KOR,"Korea, Rep.",FAO_RP_5172,Pesticides Use per capita,KM_PS,Kilometers per person,FAO_RP,Pesticides Use,0,Units,A,Normal value,PU,Public,0.57,0.62,0.6,0.58,0.57,0.57,0.54,0.54,0.48,0.56,0.55,0.6,0.55,0.52,0.53,0.51,0.5,0.5,0.52,0.47,0.42,0.39,0.35,0.37,0.39,0.38,0.39,0.39,0.36,0.32,0.33,0.37,0.38,0.39
A,Annual,KWT,Kuwait,FAO_RP_5172,Pesticides Use per capita,KM_PS,Kilometers per person,FAO_RP,Pesticides Use,0,Units,A,Normal value,PU,Public,0.12,0.21,0.21,0.3,0.5,0.66,0.7,0.58,0.5,0.41,0.35,0.4,0.54,0.6,0.56,0.51,0.54,0.54,0.49,0.4,0.42,0.49,0.59,0.65,0.65,0.53,0.36,0.25,0.26,0.3,0.34,0.32,0.28,0.24
A,Annual,LAO,Lao PDR,FAO_RP_5172,Pesticides Use per capita,KM_PS,Kilometers per person,FAO_RP,Pesticides Use,0,Units,A,Normal value,PU,Public,0.0,0.0,0.0,0.01,0.01,0.01,0.0,0.0,0.0,0.0,0.0,0.0,0.0,0.0,0.0,0.0,0.0,0.0,0.0,0.0,0.0,0.01,0.01,0.02,0.0,0.01,0.01,0.02,0.03,0.03,0.03,0.03,0.02,0.02
A,Annual,LBN,Lebanon,FAO_RP_5172,Pesticides Use per capita,KM_PS,Kilometers per person,FAO_RP,Pesticides Use,0,Units,A,Normal value,PU,Public,0.34,0.33,0.33,0.32,0.31,0.31,0.3,0.44,0.43,0.43,0.42,0.41,0.41,0.4,0.39,0.39,0.38,0.37,0.37,0.36,0.36,0.36,0.35,0.32,0.29,0.28,0.29,0.29,0.3,0.31,0.32,0.32,0.32,0.31
A,Annual,LBR,Liberia,FAO_RP_5172,Pesticides Use per capita,KM_PS,Kilometers per person,FAO_RP,Pesticides Use,0,Units,A,Normal value,PU,Public,0.19,0.21,0.2,0.19,0.19,0.19,0.19,0.17,0.16,0.15,0.14,0.14,0.13,0.13,0.13,0.13,0.12,0.11,0.11,0.11,0.1,0.1,0.1,0.09,0.09,0.09,0.09,0.13,0.13,0.15,0.17,0.2,0.21,0.19
A,Annual,LBY,Libya,FAO_RP_5172,Pesticides Use per capita,KM_PS,Kilometers per person,FAO_RP,Pesticides Use,0,Units,A,Normal value,PU,Public,0.59,0.55,0.48,0.46,0.44,0.42,0.41,0.31,0.22,0.13,0.13,0.16,0.22,0.42,0.54,0.58,0.42,0.33,0.33,0.36,0.36,0.31,0.28,0.24,0.2,0.16,0.13,0.11,0.15,0.2,0.24,0.24,0.24,0.23
A,Annual,LCA,St. Lucia,FAO_RP_5172,Pesticides Use per capita,KM_PS,Kilometers per person,FAO_RP,Pesticides Use,0,Units,A,Normal value,PU,Public,4.48,4.48,3.94,3.42,2.99,2.69,2.36,2.18,1.87,1.88,1.65,1.44,1.54,1.81,1.98,1.7,1.27,1.03,1.03,1.2,1.26,1.27,1.23,1.21,1.36,1.51,1.46,1.29,1.15,1.24,1.36,1.44,1.48,1.47
A,Annual,LKA,Sri Lanka,FAO_RP_5172,Pesticides Use per capita,KM_PS,Kilometers per person,FAO_RP,Pesticides Use,0,Units,A,Normal value,PU,Public,0.1,0.09,0.13,0.1,0.11,0.1,0.09,0.09,0.08,0.09,0.09,0.09,0.09,0.09,0.09,0.09,0.09,0.07,0.06,0.06,0.07,0.06,0.05,0.06,0.04,0.12,0.09,0.06,0.1,0.07,0.11,0.12,0.09,0.08
A,Annual,LSO,Lesotho,FAO_RP_5172,Pesticides Use per capita,KM_PS,Kilometers per person,FAO_RP,Pesticides Use,0,Units,A,Normal value,PU,Public,0.0,0.0,0.0,0.0,0.0,0.0,0.0,0.0,0.0,0.0,0.0,0.0,0.01,0.01,0.01,0.01,0.01,0.01,0.01,0.01,0.0,0.01,0.01,0.01,0.01,0.03,0.04,0.04,0.03,0.05,0.1,0.11,0.21,0.24
A,Annual,LTU,Lithuania,FAO_RP_5172,Pesticides Use per capita,KM_PS,Kilometers per person,FAO_RP,Pesticides Use,0,Units,A,Normal value,PU,Public,,,0.37,0.25,0.2,0.2,0.27,0.26,0.23,0.2,0.2,0.21,0.23,0.25,0.3,0.32,0.37,0.84,0.85,0.87,0.58,0.89,0.91,0.9,0.92,0.96,1.18,1.08,0.74,0.84,0.93,0.94,1.28,1.06
A,Annual,LUX,Luxembourg,FAO_RP_5172,Pesticides Use per capita,KM_PS,Kilometers per person,FAO_RP,Pesticides Use,0,Units,A,Normal value,PU,Public,,,,,,,,,,,0.35,0.35,0.35,0.34,0.34,0.33,0.33,0.32,0.32,0.31,0.3,0.4,0.38,0.29,0.26,0.24,0.35,0.32,0.26,0.23,0.23,0.2,0.18,0.17
A,Annual,LVA,Latvia,FAO_RP_5172,Pesticides Use per capita,KM_PS,Kilometers per person,FAO_RP,Pesticides Use,0,Units,A,Normal value,PU,Public,,,0.38,0.19,0.12,0.14,0.15,0.14,0.15,0.14,0.12,0.16,0.15,0.21,0.26,0.32,0.34,0.51,0.47,0.41,0.49,0.52,0.63,0.62,0.71,0.76,0.88,0.76,0.82,0.86,1.0,1.05,0.97,0.89
A,Annual,MAC,"Macao SAR, China",FAO_RP_5172,Pesticides Use per capita,KM_PS,Kilometers per person,FAO_RP,Pesticides Use,0,Units,A,Normal value,PU,Public,0.28,0.26,0.25,0.23,0.25,0.24,0.22,0.16,0.15,0.13,0.13,0.11,0.14,0.2,0.3,0.27,0.21,0.11,0.12,0.13,0.14,0.15,0.16,0.21,0.24,0.29,0.32,0.35,0.37,0.4,0.45,0.57,0.58,0.6
A,Annual,MAR,Morocco,FAO_RP_5172,Pesticides Use per capita,KM_PS,Kilometers per person,FAO_RP,Pesticides Use,0,Units,A,Normal value,PU,Public,0.38,0.39,0.4,0.41,0.42,0.43,0.44,0.45,0.46,0.46,0.47,0.48,0.49,0.5,0.5,0.46,0.45,0.44,0.43,0.43,0.42,0.42,0.41,0.41,0.4,0.4,0.39,0.39,0.38,0.38,0.37,0.37,0.37,0.36
A,Annual,MDA,Moldova,FAO_RP_5172,Pesticides Use per capita,KM_PS,Kilometers per person,FAO_RP,Pesticides Use,0,Units,A,Normal value,PU,Public,,,0.65,0.56,0.58,0.59,0.61,0.62,0.64,0.66,0.68,0.69,0.63,0.66,0.72,0.6,0.63,0.66,0.77,0.62,0.68,0.69,0.67,0.71,0.75,0.83,0.92,0.98,1.06,1.08,1.09,1.71,2.3,2.28
A,Annual,MDG,Madagascar,FAO_RP_5172,Pesticides Use per capita,KM_PS,Kilometers per person,FAO_RP,Pesticides Use,0,Units,A,Normal value,PU,Public,0.01,0.01,0.01,0.01,0.01,0.01,0.01,0.01,0.01,0.0,0.01,0.01,0.01,0.01,0.0,0.01,0.01,0.0,0.01,0.01,0.01,0.01,0.02,0.02,0.02,0.02,0.02,0.02,0.03,0.03,0.03,0.02,0.03,0.02
A,Annual,MDV,Maldives,FAO_RP_5172,Pesticides Use per capita,KM_PS,Kilometers per person,FAO_RP,Pesticides Use,0,Units,A,Normal value,PU,Public,0.17,0.16,0.16,0.16,0.15,0.15,0.16,0.35,0.36,0.45,0.26,0.27,0.19,0.2,0.2,0.37,0.41,0.38,0.21,0.18,0.21,0.23,0.22,0.24,0.27,0.3,1.29,1.37,1.6,0.81,0.75,0.72,0.74,0.88
A,Annual,MEX,Mexico,FAO_RP_5172,Pesticides Use per capita,KM_PS,Kilometers per person,FAO_RP,Pesticides Use,0,Units,A,Normal value,PU,Public,0.32,0.32,0.31,0.3,0.3,0.29,0.29,0.28,0.28,0.27,0.27,0.23,0.11,0.16,0.18,0.37,0.36,0.47,0.45,0.45,0.46,0.46,0.42,0.4,0.36,0.4,0.39,0.41,0.43,0.32,0.31,0.32,0.32,0.29
A,Annual,MKD,North Macedonia,FAO_RP_5172,Pesticides Use per capita,KM_PS,Kilometers per person,FAO_RP,Pesticides Use,0,Units,A,Normal value,PU,Public,,,0.48,0.33,0.27,0.29,0.28,0.25,0.26,0.2,0.14,0.08,0.12,0.1,0.13,0.07,0.16,0.06,0.04,0.05,0.05,0.05,0.05,0.05,0.05,0.05,0.05,0.05,0.05,0.05,0.05,0.05,0.05,0.05
A,Annual,MLI,Mali,FAO_RP_5172,Pesticides Use per capita,KM_PS,Kilometers per person,FAO_RP,Pesticides Use,0,Units,A,Normal value,PU,Public,0.03,0.02,0.01,0.01,0.01,0.01,0.01,0.01,0.01,0.01,0.0,0.0,0.0,0.0,0.0,0.0,0.0,0.0,0.0,0.0,0.0,0.0,0.0,0.0,0.0,0.0,0.0,0.0,0.0,0.0,0.0,0.0,0.0,0.0
A,Annual,MLT,Malta,FAO_RP_5172,Pesticides Use per capita,KM_PS,Kilometers per person,FAO_RP,Pesticides Use,0,Units,A,Normal value,PU,Public,0.89,0.88,0.87,0.86,1.17,0.55,0.4,0.66,0.66,0.35,0.45,0.28,0.28,0.28,0.28,0.28,0.29,0.29,0.28,0.27,0.26,0.25,0.32,0.31,0.25,0.29,0.25,0.23,0.19,0.15,0.18,0.21,0.19,0.2
A,Annual,MMR,Myanmar,FAO_RP_5172,Pesticides Use per capita,KM_PS,Kilometers per person,FAO_RP,Pesticides Use,0,Units,A,Normal value,PU,Public,0.01,0.0,0.0,0.0,0.0,0.01,0.0,0.0,0.01,0.01,0.01,0.02,0.02,0.02,0.02,0.03,0.08,0.07,0.05,0.02,0.07,0.09,0.06,0.06,0.11,0.15,0.23,0.33,0.29,0.33,0.22,0.22,0.22,0.22
A,Annual,MNE,Montenegro,FAO_RP_5172,Pesticides Use per capita,KM_PS,Kilometers per person,FAO_RP,Pesticides Use,0,Units,A,Normal value,PU,Public,,,,,,,,,,,,,,,,,0.0,0.0,0.0,0.0,0.1,0.12,0.11,0.13,0.14,0.12,0.14,0.16,0.15,0.17,0.2,0.18,0.15,0.14
A,Annual,MNG,Mongolia,FAO_RP_5172,Pesticides Use per capita,KM_PS,Kilometers per person,FAO_RP,Pesticides Use,0,Units,A,Normal value,PU,Public,0.05,0.05,0.05,0.05,0.05,0.05,0.05,0.05,0.05,0.05,0.05,0.05,0.05,0.05,0.05,0.05,0.04,0.04,0.04,0.04,0.04,0.04,0.22,0.39,0.55,0.71,0.86,1.0,1.14,1.27,1.4,1.53,1.51,1.49
A,Annual,MNP,Northern Mariana Islands,FAO_RP_5172,Pesticides Use per capita,KM_PS,Kilometers per person,FAO_RP,Pesticides Use,0,Units,A,Normal value,PU,Public,,0.05,0.05,0.05,0.05,0.04,0.04,0.05,0.05,0.05,0.06,0.06,0.07,0.08,0.09,0.09,0.1,0.11,0.12,0.14,0.15,0.16,0.16,0.17,0.18,0.19,0.2,0.22,0.23,0.24,0.25,0.17,0.09,0.0
A,Annual,MOZ,Mozambique,FAO_RP_5172,Pesticides Use per capita,KM_PS,Kilometers per person,FAO_RP,Pesticides Use,0,Units,A,Normal value,PU,Public,0.01,0.01,0.01,0.01,0.01,0.0,0.0,0.0,0.0,0.01,0.01,0.01,0.01,0.01,0.01,0.01,0.01,0.01,0.02,0.02,0.02,0.02,0.02,0.02,0.02,0.02,0.02,0.02,0.02,0.03,0.03,0.03,0.06,0.1
A,Annual,MRT,Mauritania,FAO_RP_5172,Pesticides Use per capita,KM_PS,Kilometers per person,FAO_RP,Pesticides Use,0,Units,A,Normal value,PU,Public,0.04,0.04,0.03,0.02,0.01,0.01,0.01,0.01,0.01,0.01,0.01,0.01,0.01,0.02,0.02,0.02,0.01,0.01,0.01,0.01,0.02,0.02,0.04,0.06,0.08,0.07,0.07,0.08,0.09,0.09,0.08,0.09,0.12,0.14
A,Annual,MSR,Montserrat,FAO_RP_5172,Pesticides Use per capita,KM_PS,Kilometers per person,FAO_RP,Pesticides Use,0,Units,A,Normal value,PU,Public,1.4,1.43,1.49,1.58,1.69,1.81,1.96,2.14,2.37,2.46,2.75,2.7,3.04,3.12,3.5,3.39,3.38,3.76,4.49,4.34,4.2,3.61,3.45,3.58,3.83,3.87,3.88,3.91,3.8,3.96,3.98,3.93,3.71,3.34
A,Annual,MUS,Mauritius,FAO_RP_5172,Pesticides Use per capita,KM_PS,Kilometers per person,FAO_RP,Pesticides Use,0,Units,A,Normal value,PU,Public,0.82,0.74,0.66,0.59,0.52,0.57,0.53,0.59,0.53,0.5,0.52,0.58,0.61,0.67,0.63,0.65,0.69,0.59,0.66,0.67,0.68,0.66,0.59,0.63,0.61,0.66,0.67,0.61,0.55,0.54,0.5,0.5,0.62,0.44
A,Annual,MWI,Malawi,FAO_RP_5172,Pesticides Use per capita,KM_PS,Kilometers per person,FAO_RP,Pesticides Use,0,Units,A,Normal value,PU,Public,0.02,0.02,0.02,0.02,0.02,0.02,0.02,0.02,0.01,0.01,0.02,0.01,0.01,0.01,0.0,0.02,0.02,0.04,0.04,0.05,0.04,0.04,0.05,0.09,0.14,0.13,0.12,0.11,0.1,0.09,0.08,0.07,0.1,0.1
A,Annual,MYS,Malaysia,FAO_RP_5172,Pesticides Use per capita,KM_PS,Kilometers per person,FAO_RP,Pesticides Use,0,Units,A,Normal value,PU,Public,1.34,1.3,1.31,1.38,1.35,1.36,1.35,1.34,1.24,1.3,1.32,1.32,1.31,1.38,1.43,1.45,1.49,1.74,1.99,1.87,2.1,1.43,1.68,2.04,1.6,2.03,2.12,1.57,1.34,1.43,1.06,1.33,0.74,0.86
A,Annual,MYT,Mayotte,FAO_RP_5172,Pesticides Use per capita,KM_PS,Kilometers per person,FAO_RP,Pesticides Use,0,Units,A,Normal value,PU,Public,0.33,0.31,0.29,0.27,0.25,0.24,0.22,0.21,0.2,0.19,0.21,0.29,0.31,0.32,0.29,0.39,0.38,0.37,0.27,0.26,0.25,0.25,0.24,0.23,0.22,0.21,0.2,0.2,0.19,0.19,0.18,0.18,0.17,0.17
A,Annual,NAM,Namibia,FAO_RP_5172,Pesticides Use per capita,KM_PS,Kilometers per person,FAO_RP,Pesticides Use,0,Units,A,Normal value,PU,Public,0.42,0.41,0.39,0.38,0.37,0.36,0.35,0.34,0.33,0.32,0.73,0.73,0.67,0.21,0.15,0.18,0.2,0.24,0.28,0.29,0.31,0.27,0.28,0.35,0.36,0.39,0.33,0.34,0.32,0.34,0.37,0.41,0.41,0.4
A,Annual,NCL,New Caledonia,FAO_RP_5172,Pesticides Use per capita,KM_PS,Kilometers per person,FAO_RP,Pesticides Use,0,Units,A,Normal value,PU,Public,1.84,1.79,1.74,1.7,1.66,1.62,1.58,1.49,1.29,1.15,0.99,1.03,1.08,1.13,1.08,0.99,0.95,0.96,0.95,0.93,0.93,0.9,0.92,0.89,0.9,0.89,0.89,0.89,0.89,0.89,0.89,0.89,0.88,0.87
A,Annual,NER,Niger,FAO_RP_5172,Pesticides Use per capita,KM_PS,Kilometers per person,FAO_RP,Pesticides Use,0,Units,A,Normal value,PU,Public,0.01,0.01,0.01,0.01,0.01,0.01,0.0,0.0,0.0,0.0,0.01,0.0,0.0,0.0,0.0,0.0,0.0,0.0,0.0,0.0,0.0,0.0,0.0,0.0,0.0,0.0,0.0,0.0,0.0,0.0,0.0,0.0,0.0,0.0
A,Annual,NGA,Nigeria,FAO_RP_5172,Pesticides Use per capita,KM_PS,Kilometers per person,FAO_RP,Pesticides Use,0,Units,A,Normal value,PU,Public,0.04,0.03,0.02,0.01,0.01,0.02,0.04,0.09,0.08,0.07,0.03,0.04,0.05,0.07,0.09,0.11,0.09,0.06,0.07,0.11,0.16,0.18,0.19,0.22,0.19,0.16,0.14,0.18,0.23,0.26,0.27,0.26,0.24,0.21
A,Annual,NIC,Nicaragua,FAO_RP_5172,Pesticides Use per capita,KM_PS,Kilometers per person,FAO_RP,Pesticides Use,0,Units,A,Normal value,PU,Public,0.14,0.13,0.13,0.22,0.18,0.19,0.43,0.67,0.9,0.83,0.78,0.71,1.06,1.12,1.0,1.76,1.27,1.79,1.82,1.66,2.13,0.85,0.75,1.12,1.13,1.28,1.23,1.25,1.09,1.2,2.39,2.06,1.92,2.2
A,Annual,NIU,Niue,FAO_RP_5172,Pesticides Use per capita,KM_PS,Kilometers per person,FAO_RP,Pesticides Use,0,Units,A,Normal value,PU,Public,0.14,0.15,0.12,0.12,0.33,0.68,0.93,0.96,0.84,1.2,1.6,2.28,1.75,2.51,2.56,3.27,2.33,1.95,4.29,3.78,3.55,0.43,0.38,0.01,0.62,0.61,1.09,0.98,1.37,1.26,1.12,1.33,0.97,0.92
A,Annual,NLD,Netherlands,FAO_RP_5172,Pesticides Use per capita,KM_PS,Kilometers per person,FAO_RP,Pesticides Use,0,Units,A,Normal value,PU,Public,0.65,0.62,0.59,0.68,0.56,0.66,0.57,0.56,0.67,0.61,0.71,0.58,0.6,0.58,0.65,0.65,0.63,0.73,0.65,0.59,0.57,0.65,0.67,0.63,0.62,0.58,0.63,0.61,0.54,0.52,0.56,0.53,0.49,0.4
A,Annual,NOR,Norway,FAO_RP_5172,Pesticides Use per capita,KM_PS,Kilometers per person,FAO_RP,Pesticides Use,0,Units,A,Normal value,PU,Public,0.28,0.18,0.18,0.17,0.2,0.21,0.16,0.17,0.21,0.18,0.08,0.11,0.18,0.15,0.18,0.11,0.15,0.15,0.17,0.11,0.14,0.17,0.16,0.15,0.17,0.12,0.13,0.13,0.12,0.11,0.13,0.13,0.14,0.11
A,Annual,NPL,Nepal,FAO_RP_5172,Pesticides Use per capita,KM_PS,Kilometers per person,FAO_RP,Pesticides Use,0,Units,A,Normal value,PU,Public,0.0,0.0,0.0,0.0,0.0,0.0,0.0,0.0,0.0,0.0,0.0,0.0,0.01,0.01,0.01,0.0,0.0,0.01,0.01,0.01,0.01,0.01,0.01,0.02,0.02,0.02,0.02,0.02,0.03,0.03,0.02,0.03,0.04,0.04
A,Annual,NRU,Nauru,FAO_RP_5172,Pesticides Use per capita,KM_PS,Kilometers per person,FAO_RP,Pesticides Use,0,Units,A,Normal value,PU,Public,2.35,1.81,1.85,0.9,0.77,0.52,0.33,0.26,0.25,0.36,0.45,0.78,0.69,0.59,0.16,0.07,0.02,0.05,0.06,0.05,0.03,0.04,0.07,0.17,0.27,0.33,0.23,0.22,0.35,0.5,0.54,0.59,0.52,0.57
A,Annual,NZL,New Zealand,FAO_RP_5172,Pesticides Use per capita,KM_PS,Kilometers per person,FAO_RP,Pesticides Use,0,Units,A,Normal value,PU,Public,1.1,1.07,1.06,1.05,0.97,1.06,0.94,0.94,0.8,0.66,0.94,0.86,1.11,1.02,1.04,1.03,1.1,1.22,1.42,1.23,1.22,1.21,1.2,1.19,1.17,1.15,1.12,1.1,1.08,1.06,1.04,1.03,1.03,1.02
A,Annual,OMN,Oman,FAO_RP_5172,Pesticides Use per capita,KM_PS,Kilometers per person,FAO_RP,Pesticides Use,0,Units,A,Normal value,PU,Public,0.02,0.02,0.07,0.05,0.04,0.04,0.04,0.13,0.13,0.08,0.02,0.03,0.04,0.05,0.05,0.06,0.07,0.07,0.08,0.09,0.09,0.1,0.1,0.11,0.1,0.08,0.08,0.06,0.04,0.07,0.07,0.06,0.09,0.08
A,Annual,PAK,Pakistan,FAO_RP_5172,Pesticides Use per capita,KM_PS,Kilometers per person,FAO_RP,Pesticides Use,0,Units,A,Normal value,PU,Public,0.14,0.14,0.13,0.13,0.13,0.12,0.12,0.12,0.12,0.13,0.17,0.17,0.16,0.16,0.16,0.15,0.15,0.14,0.14,0.14,0.13,0.13,0.13,0.13,0.12,0.12,0.12,0.12,0.12,0.12,0.11,0.11,0.11,0.11
A,Annual,PAN,Panama,FAO_RP_5172,Pesticides Use per capita,KM_PS,Kilometers per person,FAO_RP,Pesticides Use,0,Units,A,Normal value,PU,Public,1.35,1.32,1.29,1.27,1.24,1.21,1.19,1.17,0.69,0.53,0.37,0.91,0.68,0.77,0.8,0.81,0.78,0.65,0.61,0.57,0.54,0.5,0.36,0.65,0.63,0.62,0.6,0.59,0.39,0.21,1.02,3.34,2.53,2.21
A,Annual,PER,Peru,FAO_RP_5172,Pesticides Use per capita,KM_PS,Kilometers per person,FAO_RP,Pesticides Use,0,Units,A,Normal value,PU,Public,0.06,0.06,0.06,0.06,0.06,0.05,0.06,0.07,0.07,0.07,0.08,0.11,0.11,0.1,0.11,0.13,0.15,0.1,0.17,0.16,0.21,0.21,0.25,0.24,0.27,0.29,0.31,0.32,0.27,0.33,0.41,0.35,0.28,0.31
A,Annual,PHL,Philippines,FAO_RP_5172,Pesticides Use per capita,KM_PS,Kilometers per person,FAO_RP,Pesticides Use,0,Units,A,Normal value,PU,Public,0.24,0.24,0.24,0.23,0.24,0.24,0.23,0.23,0.22,0.22,0.22,0.22,0.22,0.22,0.21,0.21,0.21,0.21,0.22,0.21,0.22,0.22,0.22,0.22,0.21,0.22,0.2,0.2,0.2,0.22,0.31,0.33,0.33,0.33
A,Annual,PLW,Palau,FAO_RP_5172,Pesticides Use per capita,KM_PS,Kilometers per person,FAO_RP,Pesticides Use,0,Units,A,Normal value,PU,Public,,0.46,0.45,0.44,0.43,0.42,0.4,0.39,0.39,0.38,0.37,0.37,0.37,0.36,0.36,0.36,0.36,0.32,0.29,0.23,0.25,0.27,0.34,0.52,0.75,1.17,1.57,1.7,1.6,1.4,1.4,1.4,1.4,1.4
A,Annual,PNG,Papua New Guinea,FAO_RP_5172,Pesticides Use per capita,KM_PS,Kilometers per person,FAO_RP,Pesticides Use,0,Units,A,Normal value,PU,Public,0.21,0.19,0.18,0.17,0.16,0.15,0.13,0.1,0.07,0.05,0.04,0.04,0.04,0.05,0.06,0.05,0.06,0.06,0.06,0.06,0.06,0.08,0.09,0.11,0.11,0.11,0.11,0.11,0.1,0.11,0.11,0.12,0.12,0.12
A,Annual,POL,Poland,FAO_RP_5172,Pesticides Use per capita,KM_PS,Kilometers per person,FAO_RP,Pesticides Use,0,Units,A,Normal value,PU,Public,0.14,0.14,0.19,0.23,0.24,0.19,0.26,0.25,0.23,0.22,0.23,0.23,0.27,0.19,0.23,0.42,0.45,0.49,0.54,0.49,0.51,0.57,0.57,0.58,0.62,0.63,0.64,0.66,0.61,0.63,0.64,0.71,0.58,0.52
A,Annual,PRT,Portugal,FAO_RP_5172,Pesticides Use per capita,KM_PS,Kilometers per person,FAO_RP,Pesticides Use,0,Units,A,Normal value,PU,Public,0.94,0.94,0.61,0.9,0.96,1.18,1.24,1.26,1.42,1.51,1.5,1.5,1.68,1.63,1.62,1.56,1.49,1.58,1.62,1.32,1.3,1.33,1.18,0.97,1.24,0.96,0.94,0.78,0.78,0.95,0.94,0.92,0.87,0.75
A,Annual,PRY,Paraguay,FAO_RP_5172,Pesticides Use per capita,KM_PS,Kilometers per person,FAO_RP,Pesticides Use,0,Units,A,Normal value,PU,Public,0.84,0.82,0.79,1.33,1.84,2.33,2.79,3.24,2.49,1.01,0.69,2.04,2.23,2.43,2.62,2.8,2.99,3.17,3.34,3.52,3.68,3.83,3.98,4.12,2.98,3.07,2.97,3.1,2.54,2.53,2.64,2.39,2.49,2.7
A,Annual,PSE,West Bank and Gaza,FAO_RP_5172,Pesticides Use per capita,KM_PS,Kilometers per person,FAO_RP,Pesticides Use,0,Units,A,Normal value,PU,Public,0.59,0.57,0.54,0.52,0.5,0.48,0.46,0.44,0.43,0.41,0.4,0.39,0.38,0.36,0.36,0.35,0.35,0.34,0.35,0.34,0.34,0.33,0.32,0.31,0.31,0.3,0.29,0.28,0.28,0.27,0.27,0.26,0.25,0.25
A,Annual,PYF,French Polynesia,FAO_RP_5172,Pesticides Use per capita,KM_PS,Kilometers per person,FAO_RP,Pesticides Use,0,Units,A,Normal value,PU,Public,1.03,1.05,1.13,1.19,1.23,1.23,1.27,1.31,1.34,1.32,1.35,1.36,1.43,1.37,1.32,1.25,1.26,1.24,1.22,1.15,1.13,1.14,1.18,1.27,1.39,1.44,1.41,1.33,1.31,1.69,2.41,2.39,1.85,1.02
A,Annual,QAT,Qatar,FAO_RP_5172,Pesticides Use per capita,KM_PS,Kilometers per person,FAO_RP,Pesticides Use,0,Units,A,Normal value,PU,Public,0.58,0.59,0.69,0.66,0.67,0.66,0.75,0.82,0.81,0.73,0.53,0.47,0.51,0.56,0.68,1.01,1.04,0.83,0.96,1.61,1.86,1.4,0.68,0.41,0.37,0.37,0.3,0.32,0.29,0.3,0.34,0.41,0.39,0.37
A,Annual,ROU,Romania,FAO_RP_5172,Pesticides Use per capita,KM_PS,Kilometers per person,FAO_RP,Pesticides Use,0,Units,A,Normal value,PU,Public,1.1,0.87,0.66,1.06,0.96,0.89,0.77,0.68,0.63,0.51,0.43,0.36,0.36,0.32,0.32,0.36,0.32,0.3,0.35,0.32,0.35,0.56,0.57,0.53,0.5,0.58,0.55,0.59,0.57,0.46,0.45,0.43,0.42,0.48
A,Annual,RUS,Russian Federation,FAO_RP_5172,Pesticides Use per capita,KM_PS,Kilometers per person,FAO_RP,Pesticides Use,0,Units,A,Normal value,PU,Public,,,0.17,0.18,0.18,0.18,0.18,0.18,0.19,0.2,0.21,0.22,0.23,0.24,0.25,0.26,0.27,0.28,0.29,0.3,0.31,0.32,0.33,0.34,0.34,0.35,0.49,0.54,0.51,0.53,0.62,0.67,0.67,0.67
A,Annual,RWA,Rwanda,FAO_RP_5172,Pesticides Use per capita,KM_PS,Kilometers per person,FAO_RP,Pesticides Use,0,Units,A,Normal value,PU,Public,0.02,0.01,0.01,0.02,0.02,0.03,0.03,0.03,0.02,0.02,0.02,0.01,0.01,0.02,0.02,0.02,0.03,0.04,0.03,0.12,0.09,0.02,0.09,0.17,0.18,0.21,0.17,0.17,0.16,0.16,0.16,0.15,0.15,0.15
A,Annual,SAU,Saudi Arabia,FAO_RP_5172,Pesticides Use per capita,KM_PS,Kilometers per person,FAO_RP,Pesticides Use,0,Units,A,Normal value,PU,Public,0.09,0.09,0.09,0.08,0.08,0.07,0.07,0.17,0.18,0.18,0.19,0.19,0.19,0.19,0.19,0.19,0.19,0.19,0.19,0.19,0.19,0.19,0.19,0.19,0.22,0.24,0.26,0.29,0.32,0.35,0.24,0.23,0.21,0.1
A,Annual,SCG,Serbia and Montenegro,FAO_RP_5172,Pesticides Use per capita,KM_PS,Kilometers per person,FAO_RP,Pesticides Use,0,Units,A,Normal value,PU,Public,,,0.16,0.21,0.2,0.17,0.17,0.16,0.17,0.16,0.15,0.16,0.14,0.13,0.13,0.13,,,,,,,,,,,,,,,,,,
A,Annual,SDN,Sudan,FAO_RP_5172,Pesticides Use per capita,KM_PS,Kilometers per person,FAO_RP,Pesticides Use,0,Units,A,Normal value,PU,Public,,,,,,,,,,,,,,,,,,,,,,,0.07,0.07,0.07,0.08,0.08,0.06,0.12,0.09,0.09,0.08,0.08,0.08
A,Annual,SEN,Senegal,FAO_RP_5172,Pesticides Use per capita,KM_PS,Kilometers per person,FAO_RP,Pesticides Use,0,Units,A,Normal value,PU,Public,0.05,0.05,0.05,0.04,0.06,0.05,0.05,0.05,0.05,0.05,0.05,0.03,0.03,0.03,0.04,0.04,0.04,0.05,0.05,0.05,0.06,0.06,0.06,0.05,0.04,0.05,0.06,0.01,0.02,0.03,0.03,0.03,0.03,0.03
A,Annual,SHN,"Saint Helena, Ascension and Tristan da Cunha (UK)",FAO_RP_5172,Pesticides Use per capita,KM_PS,Kilometers per person,FAO_RP,Pesticides Use,0,Units,A,Normal value,PU,Public,0.07,0.07,0.07,0.07,0.07,0.07,0.07,0.19,0.34,0.54,0.43,0.4,0.79,0.99,1.61,1.11,1.07,0.43,0.47,0.61,0.73,0.64,0.45,0.37,1.52,1.55,1.67,0.78,1.02,1.17,1.33,1.06,0.86,0.55
A,Annual,SLB,Solomon Islands,FAO_RP_5172,Pesticides Use per capita,KM_PS,Kilometers per person,FAO_RP,Pesticides Use,0,Units,A,Normal value,PU,Public,0.18,0.17,0.17,0.16,0.16,0.15,0.14,0.12,0.1,0.08,0.06,0.04,0.03,0.04,0.06,0.07,0.07,0.08,0.07,0.09,0.1,0.12,0.13,0.12,0.1,0.09,0.1,0.1,0.08,0.05,0.05,0.05,0.05,0.05
A,Annual,SLE,Sierra Leone,FAO_RP_5172,Pesticides Use per capita,KM_PS,Kilometers per person,FAO_RP,Pesticides Use,0,Units,A,Normal value,PU,Public,0.06,0.06,0.06,0.06,0.06,0.06,0.06,0.06,0.06,0.06,0.05,0.03,0.02,0.01,0.01,0.02,0.02,0.02,0.02,0.02,0.03,0.03,0.03,0.03,0.03,0.05,0.05,0.06,0.05,0.05,0.05,0.04,0.04,0.04
A,Annual,SLV,El Salvador,FAO_RP_5172,Pesticides Use per capita,KM_PS,Kilometers per person,FAO_RP,Pesticides Use,0,Units,A,Normal value,PU,Public,0.47,0.75,0.71,0.67,0.64,0.6,0.57,0.54,0.51,0.48,0.45,0.43,0.4,0.37,0.35,0.32,0.38,0.32,0.65,0.55,0.59,0.53,0.42,0.98,0.91,0.28,0.23,0.5,0.48,0.41,0.5,0.61,0.25,0.44
A,Annual,SOM,Somalia,FAO_RP_5172,Pesticides Use per capita,KM_PS,Kilometers per person,FAO_RP,Pesticides Use,0,Units,A,Normal value,PU,Public,0.0,0.0,0.0,0.0,0.01,0.0,0.0,0.0,0.0,0.0,0.0,0.0,0.0,0.0,0.01,0.01,0.01,0.01,0.01,0.01,0.01,0.01,0.02,0.03,0.03,0.03,0.02,0.02,0.03,0.04,0.04,0.04,0.04,0.04
A,Annual,SRB,Serbia,FAO_RP_5172,Pesticides Use per capita,KM_PS,Kilometers per person,FAO_RP,Pesticides Use,0,Units,A,Normal value,PU,Public,,,,,,,,,,,,,,,,,0.3,0.32,0.3,0.26,0.26,0.35,0.46,0.5,0.53,0.45,0.39,0.33,0.35,0.37,0.36,0.33,0.34,0.33
A,Annual,STP,Sao Tome and Principe,FAO_RP_5172,Pesticides Use per capita,KM_PS,Kilometers per person,FAO_RP,Pesticides Use,0,Units,A,Normal value,PU,Public,0.06,0.06,0.06,0.05,0.05,0.05,0.05,0.05,0.05,0.05,0.04,0.03,0.03,0.04,0.03,0.04,0.04,0.07,0.07,0.09,0.1,0.1,0.12,0.1,0.1,0.08,0.09,0.09,0.09,0.1,0.11,0.11,0.1,0.08
A,Annual,SUR,Suriname,FAO_RP_5172,Pesticides Use per capita,KM_PS,Kilometers per person,FAO_RP,Pesticides Use,0,Units,A,Normal value,PU,Public,0.53,0.5,0.47,0.45,0.42,0.39,0.32,0.31,0.33,0.35,0.37,0.56,0.75,0.85,0.7,0.77,0.71,0.75,0.93,1.13,0.87,1.68,1.13,0.94,1.08,1.68,1.05,1.1,1.32,0.62,1.48,1.61,3.45,3.42
A,Annual,SVK,Slovak Republic,FAO_RP_5172,Pesticides Use per capita,KM_PS,Kilometers per person,FAO_RP,Pesticides Use,0,Units,A,Normal value,PU,Public,,,,0.73,0.78,1.15,0.73,0.6,0.67,0.53,0.27,0.29,0.31,0.28,0.29,0.29,0.3,0.3,0.28,0.31,0.35,0.33,0.38,0.37,0.41,0.41,0.39,0.41,0.46,0.43,0.43,0.42,0.36,0.32
A,Annual,SVN,Slovenia,FAO_RP_5172,Pesticides Use per capita,KM_PS,Kilometers per person,FAO_RP,Pesticides Use,0,Units,A,Normal value,PU,Public,,,0.66,0.56,0.47,0.5,0.48,0.63,0.55,0.57,0.74,0.7,0.58,0.68,0.78,0.69,0.64,0.57,0.6,0.57,0.55,0.55,0.49,0.45,0.49,0.51,0.56,0.53,0.57,0.47,0.46,0.43,0.39,0.33
A,Annual,SWE,Sweden,FAO_RP_5172,Pesticides Use per capita,KM_PS,Kilometers per person,FAO_RP,Pesticides Use,0,Units,A,Normal value,PU,Public,0.27,0.21,0.17,0.17,0.22,0.14,0.17,0.17,0.18,0.18,0.19,0.2,0.25,0.28,0.15,0.24,0.24,0.24,0.26,0.21,0.21,0.26,0.25,0.23,0.26,0.24,0.2,0.2,0.18,0.18,0.2,0.21,0.22,0.19
A,Annual,SWZ,Eswatini,FAO_RP_5172,Pesticides Use per capita,KM_PS,Kilometers per person,FAO_RP,Pesticides Use,0,Units,A,Normal value,PU,Public,0.85,0.82,0.79,0.76,0.76,0.76,0.75,0.69,0.67,0.55,0.53,0.43,0.72,0.9,1.18,1.01,0.78,0.4,0.18,0.17,0.44,0.53,0.52,0.41,0.46,0.51,0.59,0.75,0.89,0.97,1.04,1.06,1.04,0.98
A,Annual,SXM,Sint Maarten (Dutch part),FAO_RP_5172,Pesticides Use per capita,KM_PS,Kilometers per person,FAO_RP,Pesticides Use,0,Units,A,Normal value,PU,Public,,,,,,,,,,,,,,,,,,,,,,0.83,0.73,0.82,0.86,0.95,0.91,1.02,1.23,1.21,1.18,0.99,1.1,1.18
A,Annual,SYC,Seychelles,FAO_RP_5172,Pesticides Use per capita,KM_PS,Kilometers per person,FAO_RP,Pesticides Use,0,Units,A,Normal value,PU,Public,0.64,0.66,0.68,0.9,0.86,1.38,1.38,1.55,1.08,0.89,0.74,0.66,1.48,1.42,1.41,0.77,0.86,1.45,4.0,4.18,4.36,4.53,3.16,1.55,1.06,0.79,0.92,0.87,0.85,0.88,0.98,0.99,0.95,0.86
A,Annual,SYR,Syrian Arab Republic,FAO_RP_5172,Pesticides Use per capita,KM_PS,Kilometers per person,FAO_RP,Pesticides Use,0,Units,A,Normal value,PU,Public,0.07,0.08,0.09,0.11,0.09,0.09,0.07,0.1,0.11,0.1,0.07,0.06,0.06,0.08,0.09,0.08,0.08,0.06,0.06,0.06,0.07,0.08,0.08,0.09,0.09,0.1,0.1,0.1,0.1,0.09,0.09,0.09,0.08,0.08
A,Annual,TCA,Turks and Caicos Islands,FAO_RP_5172,Pesticides Use per capita,KM_PS,Kilometers per person,FAO_RP,Pesticides Use,0,Units,A,Normal value,PU,Public,2.24,2.13,2.02,1.92,1.83,1.74,1.66,1.59,1.52,0.97,0.47,0.0,0.0,0.0,1.23,2.2,3.18,2.82,2.35,2.14,2.4,2.78,2.85,2.63,2.53,2.42,2.31,2.22,2.13,2.05,1.99,1.96,1.93,1.92
A,Annual,TCD,Chad,FAO_RP_5172,Pesticides Use per capita,KM_PS,Kilometers per person,FAO_RP,Pesticides Use,0,Units,A,Normal value,PU,Public,0.01,0.01,0.01,0.01,0.01,0.01,0.01,0.01,0.01,0.01,0.01,0.01,0.01,0.01,0.01,0.01,0.0,0.0,0.0,0.0,0.0,0.0,0.0,0.0,0.0,0.0,0.0,0.0,0.0,0.0,0.0,0.0,0.0,0.0
A,Annual,TGO,Togo,FAO_RP_5172,Pesticides Use per capita,KM_PS,Kilometers per person,FAO_RP,Pesticides Use,0,Units,A,Normal value,PU,Public,0.08,0.05,0.05,0.05,0.05,0.05,0.04,0.05,0.05,0.06,0.06,0.07,0.07,0.07,0.1,0.03,0.04,0.04,0.04,0.03,0.04,0.02,0.05,0.05,0.11,0.15,0.16,0.16,0.16,0.17,0.16,0.16,0.16,0.15
A,Annual,THA,Thailand,FAO_RP_5172,Pesticides Use per capita,KM_PS,Kilometers per person,FAO_RP,Pesticides Use,0,Units,A,Normal value,PU,Public,0.34,0.34,0.33,0.33,0.35,0.41,0.39,0.39,0.31,0.37,0.32,0.48,0.64,0.79,1.0,0.66,0.62,1.0,0.97,1.0,1.01,1.26,1.01,0.12,0.31,0.37,0.43,0.48,0.49,0.39,0.27,0.12,0.08,0.05
A,Annual,TJK,Tajikistan,FAO_RP_5172,Pesticides Use per capita,KM_PS,Kilometers per person,FAO_RP,Pesticides Use,0,Units,A,Normal value,PU,Public,,,0.02,0.02,0.02,0.02,0.02,0.02,0.02,0.02,0.02,0.02,0.02,0.02,0.02,0.02,0.02,0.02,0.02,0.02,0.02,0.02,0.02,0.02,0.01,0.01,0.02,0.03,0.04,0.05,0.05,0.06,0.06,0.07
A,Annual,TKL,Tokelau (NZ),FAO_RP_5172,Pesticides Use per capita,KM_PS,Kilometers per person,FAO_RP,Pesticides Use,0,Units,A,Normal value,PU,Public,2.08,2.07,2.06,2.07,2.07,2.07,2.07,2.06,2.04,2.01,1.99,1.75,3.92,3.77,3.6,3.41,3.0,2.83,1.34,0.8,1.42,2.02,2.54,3.01,3.57,4.44,3.96,3.51,3.09,2.43,1.84,1.3,0.81,0.36
A,Annual,TKM,Turkmenistan,FAO_RP_5172,Pesticides Use per capita,KM_PS,Kilometers per person,FAO_RP,Pesticides Use,0,Units,A,Normal value,PU,Public,,,0.21,0.21,0.2,0.2,0.2,0.19,0.2,0.2,0.2,0.18,0.17,0.17,0.17,0.16,0.16,0.16,0.15,0.15,0.15,0.15,0.14,0.14,0.14,0.13,0.13,0.13,0.12,0.19,0.18,0.23,0.23,0.22
A,Annual,TLS,Timor-Leste,FAO_RP_5172,Pesticides Use per capita,KM_PS,Kilometers per person,FAO_RP,Pesticides Use,0,Units,A,Normal value,PU,Public,0.0,0.0,0.0,0.0,0.0,0.0,0.0,0.0,0.0,0.0,0.0,0.0,0.0,0.0,0.0,0.0,0.01,0.01,0.01,0.01,0.02,0.02,0.02,0.03,0.03,0.04,0.04,0.05,0.05,0.07,0.09,0.1,0.11,0.11
A,Annual,TON,Tonga,FAO_RP_5172,Pesticides Use per capita,KM_PS,Kilometers per person,FAO_RP,Pesticides Use,0,Units,A,Normal value,PU,Public,0.11,0.11,0.11,0.11,0.11,0.11,0.11,0.11,0.11,0.11,0.11,0.11,0.11,0.11,0.11,0.11,0.11,0.11,0.1,0.1,0.1,0.1,0.1,0.1,0.14,0.11,0.09,0.23,0.21,0.2,0.2,0.2,0.19,0.19
A,Annual,TTO,Trinidad and Tobago,FAO_RP_5172,Pesticides Use per capita,KM_PS,Kilometers per person,FAO_RP,Pesticides Use,0,Units,A,Normal value,PU,Public,0.27,0.31,0.3,0.25,0.23,0.22,0.21,0.19,0.18,0.17,0.16,0.15,0.14,0.12,0.11,0.1,0.09,0.08,0.07,0.06,0.09,0.12,0.37,0.61,0.83,0.82,0.82,0.81,0.8,0.79,0.79,0.79,0.78,0.78
A,Annual,TUN,Tunisia,FAO_RP_5172,Pesticides Use per capita,KM_PS,Kilometers per person,FAO_RP,Pesticides Use,0,Units,A,Normal value,PU,Public,0.11,0.11,0.1,0.1,0.1,0.1,0.1,0.1,0.12,0.13,0.14,0.14,0.12,0.13,0.16,0.15,0.12,0.13,0.17,0.14,0.2,0.2,0.28,0.22,0.25,0.25,0.27,0.23,0.27,0.3,0.28,0.27,0.27,0.26
A,Annual,TUR,Turkiye,FAO_RP_5172,Pesticides Use per capita,KM_PS,Kilometers per person,FAO_RP,Pesticides Use,0,Units,A,Normal value,PU,Public,0.53,0.43,0.47,0.48,0.4,0.45,0.49,0.55,0.47,0.51,0.51,0.39,0.42,0.49,0.42,0.58,0.39,0.69,0.53,0.52,0.53,0.53,0.57,0.52,0.51,0.49,0.61,0.65,0.71,0.6,0.62,0.61,0.63,0.66
A,Annual,TUV,Tuvalu,FAO_RP_5172,Pesticides Use per capita,KM_PS,Kilometers per person,FAO_RP,Pesticides Use,0,Units,A,Normal value,PU,Public,0.21,0.21,0.2,0.2,0.2,0.2,0.2,0.19,0.19,0.15,0.1,0.12,0.16,0.21,0.22,0.2,0.2,0.19,0.2,0.21,0.2,0.2,0.2,0.2,0.2,0.2,0.2,0.2,0.2,0.21,0.21,0.21,0.22,0.22
A,Annual,TWN,"Taiwan, China",FAO_RP_5172,Pesticides Use per capita,KM_PS,Kilometers per person,FAO_RP,Pesticides Use,0,Units,A,Normal value,PU,Public,0.48,0.48,0.47,0.47,0.47,0.46,0.46,0.43,0.41,0.52,0.4,0.38,0.47,0.45,0.43,0.4,0.39,0.41,0.38,0.37,0.34,0.35,0.4,0.41,0.37,0.4,0.4,0.45,0.45,0.45,0.45,0.45,0.45,0.45
A,Annual,TZA,Tanzania,FAO_RP_5172,Pesticides Use per capita,KM_PS,Kilometers per person,FAO_RP,Pesticides Use,0,Units,A,Normal value,PU,Public,0.0,0.0,0.0,0.0,0.02,0.02,0.0,0.0,0.0,0.0,0.0,0.0,0.0,0.0,0.0,0.0,0.0,0.0,0.0,0.0,0.0,0.0,0.0,0.0,0.0,0.0,0.0,0.0,0.0,0.0,0.0,0.0,0.0,0.0
A,Annual,UGA,Uganda,FAO_RP_5172,Pesticides Use per capita,KM_PS,Kilometers per person,FAO_RP,Pesticides Use,0,Units,A,Normal value,PU,Public,0.03,0.03,0.03,0.03,0.03,0.04,0.04,0.04,0.05,0.07,0.07,0.06,0.05,0.05,0.06,0.06,0.07,0.07,0.07,0.08,0.09,0.11,0.13,0.14,0.16,0.17,0.16,0.16,0.15,0.15,0.14,0.15,0.18,0.2
A,Annual,UKR,Ukraine,FAO_RP_5172,Pesticides Use per capita,KM_PS,Kilometers per person,FAO_RP,Pesticides Use,0,Units,A,Normal value,PU,Public,,,1.28,1.18,1.09,1.01,0.92,0.83,0.74,0.65,0.55,0.46,0.36,0.26,0.32,0.48,0.61,0.76,1.14,0.77,1.33,1.7,1.95,1.86,1.68,1.4,1.12,0.84,0.56,0.54,0.55,0.61,0.47,0.51
A,Annual,URY,Uruguay,FAO_RP_5172,Pesticides Use per capita,KM_PS,Kilometers per person,FAO_RP,Pesticides Use,0,Units,A,Normal value,PU,Public,0.57,0.56,0.66,0.52,0.72,0.76,1.07,1.04,1.31,1.21,1.12,1.35,1.57,2.26,2.74,2.79,2.76,4.26,4.02,4.06,4.49,4.42,4.35,4.29,4.22,4.15,3.94,4.39,4.39,4.39,4.39,4.39,4.39,4.39
A,Annual,USA,United States,FAO_RP_5172,Pesticides Use per capita,KM_PS,Kilometers per person,FAO_RP,Pesticides Use,0,Units,A,Normal value,PU,Public,1.58,1.54,1.55,1.49,1.6,1.58,1.6,1.58,1.54,1.56,1.53,1.45,1.44,1.4,1.43,1.39,1.31,1.33,1.24,1.16,1.2,1.25,1.29,1.31,1.28,1.3,1.37,1.35,1.37,1.32,1.3,1.29,1.25,1.25
A,Annual,VCT,St. Vincent and the Grenadines,FAO_RP_5172,Pesticides Use per capita,KM_PS,Kilometers per person,FAO_RP,Pesticides Use,0,Units,A,Normal value,PU,Public,2.07,2.0,2.95,3.29,3.59,3.18,3.67,3.58,3.44,2.8,2.44,1.96,1.61,1.98,1.98,2.97,2.65,2.47,1.44,1.41,1.59,3.85,3.87,3.7,1.45,1.42,1.5,1.37,1.25,1.16,1.21,1.28,1.18,1.08
A,Annual,VEN,"Venezuela, RB",FAO_RP_5172,Pesticides Use per capita,KM_PS,Kilometers per person,FAO_RP,Pesticides Use,0,Units,A,Normal value,PU,Public,0.09,0.12,0.19,0.18,0.18,0.18,0.17,0.17,0.17,0.16,0.16,0.16,0.15,0.15,0.15,0.15,0.14,0.14,0.14,0.14,0.14,0.13,0.13,0.13,0.13,0.13,0.13,0.13,0.13,0.14,0.14,0.14,0.14,0.14
A,Annual,VGB,British Virgin Islands,FAO_RP_5172,Pesticides Use per capita,KM_PS,Kilometers per person,FAO_RP,Pesticides Use,0,Units,A,Normal value,PU,Public,0.87,0.77,0.83,0.7,0.78,0.68,0.72,0.67,0.78,0.88,0.98,1.07,1.0,0.79,0.58,0.49,0.45,0.47,0.48,0.74,0.52,4.53,4.08,4.03,0.34,0.38,0.52,0.53,0.32,0.21,0.3,0.45,0.44,0.43
A,Annual,VNM,Viet Nam,FAO_RP_5172,Pesticides Use per capita,KM_PS,Kilometers per person,FAO_RP,Pesticides Use,0,Units,A,Normal value,PU,Public,0.32,0.31,0.31,0.3,0.3,0.35,0.45,0.44,0.28,0.22,0.21,0.25,0.3,0.35,0.4,0.45,0.51,0.56,0.6,0.64,0.65,0.77,0.86,0.92,1.11,1.1,1.1,0.87,1.45,1.39,0.91,1.5,1.62,1.61
A,Annual,VUT,Vanuatu,FAO_RP_5172,Pesticides Use per capita,KM_PS,Kilometers per person,FAO_RP,Pesticides Use,0,Units,A,Normal value,PU,Public,1.16,0.91,0.65,0.49,0.51,0.53,0.46,0.41,0.39,0.36,0.35,0.34,0.33,0.33,0.32,0.32,0.34,0.36,0.38,0.3,0.2,0.1,0.06,0.06,0.06,0.06,0.06,0.06,0.06,0.05,0.05,0.05,0.05,0.05
A,Annual,WLF,Wallis-et-Futuna (Fr.),FAO_RP_5172,Pesticides Use per capita,KM_PS,Kilometers per person,FAO_RP,Pesticides Use,0,Units,A,Normal value,PU,Public,0.76,0.75,0.74,0.74,0.73,0.72,0.72,0.71,0.71,0.7,0.58,0.43,0.48,0.51,0.63,0.58,0.67,0.74,0.76,0.77,0.79,0.8,0.82,0.83,0.84,0.85,0.86,0.87,0.88,0.89,0.89,0.9,0.9,0.91
A,Annual,WSM,Samoa,FAO_RP_5172,Pesticides Use per capita,KM_PS,Kilometers per person,FAO_RP,Pesticides Use,0,Units,A,Normal value,PU,Public,0.28,0.28,0.21,0.14,0.28,0.25,0.13,0.17,0.07,0.06,0.04,0.07,0.1,0.13,0.16,0.19,0.22,0.24,0.27,0.3,0.33,0.35,0.38,0.4,0.43,0.45,0.48,0.5,0.95,0.53,0.87,1.27,2.02,1.16
A,Annual,YEM,"Yemen, Rep.",FAO_RP_5172,Pesticides Use per capita,KM_PS,Kilometers per person,FAO_RP,Pesticides Use,0,Units,A,Normal value,PU,Public,0.01,0.01,0.02,0.03,0.04,0.04,0.04,0.04,0.05,0.05,0.05,0.04,0.04,0.05,0.05,0.05,0.05,0.04,0.03,0.02,0.03,0.03,0.03,0.05,0.05,0.04,0.02,0.02,0.02,0.03,0.04,0.04,0.04,0.04
A,Annual,ZAF,South Africa,FAO_RP_5172,Pesticides Use per capita,KM_PS,Kilometers per person,FAO_RP,Pesticides Use,0,Units,A,Normal value,PU,Public,0.41,0.4,0.39,0.38,0.38,0.4,0.43,0.47,0.53,0.56,0.57,0.54,0.57,0.56,0.57,0.6,0.57,0.58,0.65,0.63,0.64,0.63,0.64,0.66,0.69,0.67,0.63,0.69,0.67,0.66,0.69,0.69,0.68,0.67
A,Annual,ZMB,Zambia,FAO_RP_5172,Pesticides Use per capita,KM_PS,Kilometers per person,FAO_RP,Pesticides Use,0,Units,A,Normal value,PU,Public,0.14,0.14,0.13,0.13,0.13,0.08,0.19,0.19,0.2,0.21,0.22,0.22,0.23,0.23,0.24,0.24,0.24,0.24,0.25,0.25,0.25,0.25,0.25,0.25,0.25,0.25,0.25,0.25,0.23,0.23,0.22,0.21,0.21,0.2
A,Annual,ZWE,Zimbabwe,FAO_RP_5172,Pesticides Use per capita,KM_PS,Kilometers per person,FAO_RP,Pesticides Use,0,Units,A,Normal value,PU,Public,0.56,0.65,0.31,0.16,0.15,0.24,0.23,0.24,0.25,0.25,0.25,0.25,0.25,0.25,0.25,0.25,0.25,0.25,0.25,0.25,0.25,0.25,0.24,0.18,0.15,0.15,0.15,0.15,0.15,0.14,0.14,0.14,0.14,0.13
